Internal Server Error: /recherche-patient/
Traceback (most recent call last):
  File "/home/blackprotocol/.local/lib/python3.14/site-packages/django/core/handlers/exception.py", line 55, in inner
    response = get_response(request)
  File "/home/blackprotocol/.local/lib/python3.14/site-packages/django/core/handlers/base.py", line 198, in _get_response
    response = wrapped_callback(request, *callback_args, **callback_kwargs)
  File "/run/media/blackprotocol/D8707BBA707B9E461/mes Projets/GenesisLab/circb_projet/circb_app/views.py", line 979, in recherche_patient
    patients = Patient.objects.filter(
               ~~~~~~~~~~~~~~~~~~~~~~^
        Q(nom__icontains=query) |
        ^^^^^^^^^^^^^^^^^^^^^^^^^
    ...<3 lines>...
        Q(contact_mere__icontains=query) # Nouveau
        ^^^^^^^^^^^^^^^^^^^^^^^^^^^^^^^^^^^^^^^^^^
    ).distinct() # distinct() évite les doublons si une recherche match plusieurs champs
    ^
  File "/home/blackprotocol/.local/lib/python3.14/site-packages/django/db/models/manager.py", line 87, in manager_method
    return getattr(self.get_queryset(), name)(*args, **kwargs)
           ~~~~~~~~~~~~~~~~~~~~~~~~~~~~~~~~~~^^^^^^^^^^^^^^^^^
  File "/home/blackprotocol/.local/lib/python3.14/site-packages/django/db/models/query.py", line 1542, in filter
    return self._filter_or_exclude(False, args, kwargs)
           ~~~~~~~~~~~~~~~~~~~~~~~^^^^^^^^^^^^^^^^^^^^^
  File "/home/blackprotocol/.local/lib/python3.14/site-packages/django/db/models/query.py", line 1560, in _filter_or_exclude
    clone._filter_or_exclude_inplace(negate, args, kwargs)
    ~~~~~~~~~~~~~~~~~~~~~~~~~~~~~~~~^^^^^^^^^^^^^^^^^^^^^^
  File "/home/blackprotocol/.local/lib/python3.14/site-packages/django/db/models/query.py", line 1570, in _filter_or_exclude_inplace
    self._query.add_q(Q(*args, **kwargs))
    ~~~~~~~~~~~~~~~~~^^^^^^^^^^^^^^^^^^^^
  File "/home/blackprotocol/.local/lib/python3.14/site-packages/django/db/models/sql/query.py", line 1676, in add_q
    clause, _ = self._add_q(q_object, can_reuse)
                ~~~~~~~~~~~^^^^^^^^^^^^^^^^^^^^^
  File "/home/blackprotocol/.local/lib/python3.14/site-packages/django/db/models/sql/query.py", line 1708, in _add_q
    child_clause, needed_inner = self.build_filter(
                                 ~~~~~~~~~~~~~~~~~^
        child,
        ^^^^^^
    ...<7 lines>...
        update_join_types=update_join_types,
        ^^^^^^^^^^^^^^^^^^^^^^^^^^^^^^^^^^^^
    )
    ^
  File "/home/blackprotocol/.local/lib/python3.14/site-packages/django/db/models/sql/query.py", line 1533, in build_filter
    return self._add_q(
           ~~~~~~~~~~~^
        filter_expr,
        ^^^^^^^^^^^^
    ...<7 lines>...
        update_join_types=update_join_types,
        ^^^^^^^^^^^^^^^^^^^^^^^^^^^^^^^^^^^^
    )
    ^
  File "/home/blackprotocol/.local/lib/python3.14/site-packages/django/db/models/sql/query.py", line 1708, in _add_q
    child_clause, needed_inner = self.build_filter(
                                 ~~~~~~~~~~~~~~~~~^
        child,
        ^^^^^^
    ...<7 lines>...
        update_join_types=update_join_types,
        ^^^^^^^^^^^^^^^^^^^^^^^^^^^^^^^^^^^^
    )
    ^
  File "/home/blackprotocol/.local/lib/python3.14/site-packages/django/db/models/sql/query.py", line 1556, in build_filter
    lookups, parts, reffed_expression = self.solve_lookup_type(arg, summarize)
                                        ~~~~~~~~~~~~~~~~~~~~~~^^^^^^^^^^^^^^^^
  File "/home/blackprotocol/.local/lib/python3.14/site-packages/django/db/models/sql/query.py", line 1363, in solve_lookup_type
    _, field, _, lookup_parts = self.names_to_path(lookup_splitted, self.get_meta())
                                ~~~~~~~~~~~~~~~~~~^^^^^^^^^^^^^^^^^^^^^^^^^^^^^^^^^^
  File "/home/blackprotocol/.local/lib/python3.14/site-packages/django/db/models/sql/query.py", line 1842, in names_to_path
    raise FieldError(
    ...<2 lines>...
    )
django.core.exceptions.FieldError: Cannot resolve keyword 'nom_mere' into field. Choices are: code, date_naissance, echantillons_enfant, fosa, fosa_id, id, mere, mere_id, nom, poids, porte_entree, porte_entree_id, prenom, sexe
"GET /recherche-patient/?q=ad HTTP/1.1" 500 138638
Internal Server Error: /recherche-patient/
Traceback (most recent call last):
  File "/home/blackprotocol/.local/lib/python3.14/site-packages/django/core/handlers/exception.py", line 55, in inner
    response = get_response(request)
  File "/home/blackprotocol/.local/lib/python3.14/site-packages/django/core/handlers/base.py", line 198, in _get_response
    response = wrapped_callback(request, *callback_args, **callback_kwargs)
  File "/run/media/blackprotocol/D8707BBA707B9E461/mes Projets/GenesisLab/circb_projet/circb_app/views.py", line 979, in recherche_patient
    patients = Patient.objects.filter(
               ~~~~~~~~~~~~~~~~~~~~~~^
        Q(nom__icontains=query) |
        ^^^^^^^^^^^^^^^^^^^^^^^^^
    ...<3 lines>...
        Q(contact_mere__icontains=query) # Nouveau
        ^^^^^^^^^^^^^^^^^^^^^^^^^^^^^^^^^^^^^^^^^^
    ).distinct() # distinct() évite les doublons si une recherche match plusieurs champs
    ^
  File "/home/blackprotocol/.local/lib/python3.14/site-packages/django/db/models/manager.py", line 87, in manager_method
    return getattr(self.get_queryset(), name)(*args, **kwargs)
           ~~~~~~~~~~~~~~~~~~~~~~~~~~~~~~~~~~^^^^^^^^^^^^^^^^^
  File "/home/blackprotocol/.local/lib/python3.14/site-packages/django/db/models/query.py", line 1542, in filter
    return self._filter_or_exclude(False, args, kwargs)
           ~~~~~~~~~~~~~~~~~~~~~~~^^^^^^^^^^^^^^^^^^^^^
  File "/home/blackprotocol/.local/lib/python3.14/site-packages/django/db/models/query.py", line 1560, in _filter_or_exclude
    clone._filter_or_exclude_inplace(negate, args, kwargs)
    ~~~~~~~~~~~~~~~~~~~~~~~~~~~~~~~~^^^^^^^^^^^^^^^^^^^^^^
  File "/home/blackprotocol/.local/lib/python3.14/site-packages/django/db/models/query.py", line 1570, in _filter_or_exclude_inplace
    self._query.add_q(Q(*args, **kwargs))
    ~~~~~~~~~~~~~~~~~^^^^^^^^^^^^^^^^^^^^
  File "/home/blackprotocol/.local/lib/python3.14/site-packages/django/db/models/sql/query.py", line 1676, in add_q
    clause, _ = self._add_q(q_object, can_reuse)
                ~~~~~~~~~~~^^^^^^^^^^^^^^^^^^^^^
  File "/home/blackprotocol/.local/lib/python3.14/site-packages/django/db/models/sql/query.py", line 1708, in _add_q
    child_clause, needed_inner = self.build_filter(
                                 ~~~~~~~~~~~~~~~~~^
        child,
        ^^^^^^
    ...<7 lines>...
        update_join_types=update_join_types,
        ^^^^^^^^^^^^^^^^^^^^^^^^^^^^^^^^^^^^
    )
    ^
  File "/home/blackprotocol/.local/lib/python3.14/site-packages/django/db/models/sql/query.py", line 1533, in build_filter
    return self._add_q(
           ~~~~~~~~~~~^
        filter_expr,
        ^^^^^^^^^^^^
    ...<7 lines>...
        update_join_types=update_join_types,
        ^^^^^^^^^^^^^^^^^^^^^^^^^^^^^^^^^^^^
    )
    ^
  File "/home/blackprotocol/.local/lib/python3.14/site-packages/django/db/models/sql/query.py", line 1708, in _add_q
    child_clause, needed_inner = self.build_filter(
                                 ~~~~~~~~~~~~~~~~~^
        child,
        ^^^^^^
    ...<7 lines>...
        update_join_types=update_join_types,
        ^^^^^^^^^^^^^^^^^^^^^^^^^^^^^^^^^^^^
    )
    ^
  File "/home/blackprotocol/.local/lib/python3.14/site-packages/django/db/models/sql/query.py", line 1556, in build_filter
    lookups, parts, reffed_expression = self.solve_lookup_type(arg, summarize)
                                        ~~~~~~~~~~~~~~~~~~~~~~^^^^^^^^^^^^^^^^
  File "/home/blackprotocol/.local/lib/python3.14/site-packages/django/db/models/sql/query.py", line 1363, in solve_lookup_type
    _, field, _, lookup_parts = self.names_to_path(lookup_splitted, self.get_meta())
                                ~~~~~~~~~~~~~~~~~~^^^^^^^^^^^^^^^^^^^^^^^^^^^^^^^^^^
  File "/home/blackprotocol/.local/lib/python3.14/site-packages/django/db/models/sql/query.py", line 1842, in names_to_path
    raise FieldError(
    ...<2 lines>...
    )
django.core.exceptions.FieldError: Cannot resolve keyword 'nom_mere' into field. Choices are: code, date_naissance, echantillons_enfant, fosa, fosa_id, id, mere, mere_id, nom, poids, porte_entree, porte_entree_id, prenom, sexe
"GET /recherche-patient/?q=ada HTTP/1.1" 500 138698
Internal Server Error: /recherche-patient/
Traceback (most recent call last):
  File "/home/blackprotocol/.local/lib/python3.14/site-packages/django/core/handlers/exception.py", line 55, in inner
    response = get_response(request)
  File "/home/blackprotocol/.local/lib/python3.14/site-packages/django/core/handlers/base.py", line 198, in _get_response
    response = wrapped_callback(request, *callback_args, **callback_kwargs)
  File "/run/media/blackprotocol/D8707BBA707B9E461/mes Projets/GenesisLab/circb_projet/circb_app/views.py", line 979, in recherche_patient
    patients = Patient.objects.filter(
               ~~~~~~~~~~~~~~~~~~~~~~^
        Q(nom__icontains=query) |
        ^^^^^^^^^^^^^^^^^^^^^^^^^
    ...<3 lines>...
        Q(contact_mere__icontains=query) # Nouveau
        ^^^^^^^^^^^^^^^^^^^^^^^^^^^^^^^^^^^^^^^^^^
    ).distinct() # distinct() évite les doublons si une recherche match plusieurs champs
    ^
  File "/home/blackprotocol/.local/lib/python3.14/site-packages/django/db/models/manager.py", line 87, in manager_method
    return getattr(self.get_queryset(), name)(*args, **kwargs)
           ~~~~~~~~~~~~~~~~~~~~~~~~~~~~~~~~~~^^^^^^^^^^^^^^^^^
  File "/home/blackprotocol/.local/lib/python3.14/site-packages/django/db/models/query.py", line 1542, in filter
    return self._filter_or_exclude(False, args, kwargs)
           ~~~~~~~~~~~~~~~~~~~~~~~^^^^^^^^^^^^^^^^^^^^^
  File "/home/blackprotocol/.local/lib/python3.14/site-packages/django/db/models/query.py", line 1560, in _filter_or_exclude
    clone._filter_or_exclude_inplace(negate, args, kwargs)
    ~~~~~~~~~~~~~~~~~~~~~~~~~~~~~~~~^^^^^^^^^^^^^^^^^^^^^^
  File "/home/blackprotocol/.local/lib/python3.14/site-packages/django/db/models/query.py", line 1570, in _filter_or_exclude_inplace
    self._query.add_q(Q(*args, **kwargs))
    ~~~~~~~~~~~~~~~~~^^^^^^^^^^^^^^^^^^^^
  File "/home/blackprotocol/.local/lib/python3.14/site-packages/django/db/models/sql/query.py", line 1676, in add_q
    clause, _ = self._add_q(q_object, can_reuse)
                ~~~~~~~~~~~^^^^^^^^^^^^^^^^^^^^^
  File "/home/blackprotocol/.local/lib/python3.14/site-packages/django/db/models/sql/query.py", line 1708, in _add_q
    child_clause, needed_inner = self.build_filter(
                                 ~~~~~~~~~~~~~~~~~^
        child,
        ^^^^^^
    ...<7 lines>...
        update_join_types=update_join_types,
        ^^^^^^^^^^^^^^^^^^^^^^^^^^^^^^^^^^^^
    )
    ^
  File "/home/blackprotocol/.local/lib/python3.14/site-packages/django/db/models/sql/query.py", line 1533, in build_filter
    return self._add_q(
           ~~~~~~~~~~~^
        filter_expr,
        ^^^^^^^^^^^^
    ...<7 lines>...
        update_join_types=update_join_types,
        ^^^^^^^^^^^^^^^^^^^^^^^^^^^^^^^^^^^^
    )
    ^
  File "/home/blackprotocol/.local/lib/python3.14/site-packages/django/db/models/sql/query.py", line 1708, in _add_q
    child_clause, needed_inner = self.build_filter(
                                 ~~~~~~~~~~~~~~~~~^
        child,
        ^^^^^^
    ...<7 lines>...
        update_join_types=update_join_types,
        ^^^^^^^^^^^^^^^^^^^^^^^^^^^^^^^^^^^^
    )
    ^
  File "/home/blackprotocol/.local/lib/python3.14/site-packages/django/db/models/sql/query.py", line 1556, in build_filter
    lookups, parts, reffed_expression = self.solve_lookup_type(arg, summarize)
                                        ~~~~~~~~~~~~~~~~~~~~~~^^^^^^^^^^^^^^^^
  File "/home/blackprotocol/.local/lib/python3.14/site-packages/django/db/models/sql/query.py", line 1363, in solve_lookup_type
    _, field, _, lookup_parts = self.names_to_path(lookup_splitted, self.get_meta())
                                ~~~~~~~~~~~~~~~~~~^^^^^^^^^^^^^^^^^^^^^^^^^^^^^^^^^^
  File "/home/blackprotocol/.local/lib/python3.14/site-packages/django/db/models/sql/query.py", line 1842, in names_to_path
    raise FieldError(
    ...<2 lines>...
    )
django.core.exceptions.FieldError: Cannot resolve keyword 'nom_mere' into field. Choices are: code, date_naissance, echantillons_enfant, fosa, fosa_id, id, mere, mere_id, nom, poids, porte_entree, porte_entree_id, prenom, sexe
"GET /recherche-patient/?q=adamou HTTP/1.1" 500 138878
Internal Server Error: /recherche-patient/
Traceback (most recent call last):
  File "/home/blackprotocol/.local/lib/python3.14/site-packages/django/core/handlers/exception.py", line 55, in inner
    response = get_response(request)
  File "/home/blackprotocol/.local/lib/python3.14/site-packages/django/core/handlers/base.py", line 198, in _get_response
    response = wrapped_callback(request, *callback_args, **callback_kwargs)
  File "/run/media/blackprotocol/D8707BBA707B9E461/mes Projets/GenesisLab/circb_projet/circb_app/views.py", line 979, in recherche_patient
    patients = Patient.objects.filter(
               ~~~~~~~~~~~~~~~~~~~~~~^
        Q(nom__icontains=query) |
        ^^^^^^^^^^^^^^^^^^^^^^^^^
    ...<3 lines>...
        Q(contact_mere__icontains=query) # Nouveau
        ^^^^^^^^^^^^^^^^^^^^^^^^^^^^^^^^^^^^^^^^^^
    ).distinct() # distinct() évite les doublons si une recherche match plusieurs champs
    ^
  File "/home/blackprotocol/.local/lib/python3.14/site-packages/django/db/models/manager.py", line 87, in manager_method
    return getattr(self.get_queryset(), name)(*args, **kwargs)
           ~~~~~~~~~~~~~~~~~~~~~~~~~~~~~~~~~~^^^^^^^^^^^^^^^^^
  File "/home/blackprotocol/.local/lib/python3.14/site-packages/django/db/models/query.py", line 1542, in filter
    return self._filter_or_exclude(False, args, kwargs)
           ~~~~~~~~~~~~~~~~~~~~~~~^^^^^^^^^^^^^^^^^^^^^
  File "/home/blackprotocol/.local/lib/python3.14/site-packages/django/db/models/query.py", line 1560, in _filter_or_exclude
    clone._filter_or_exclude_inplace(negate, args, kwargs)
    ~~~~~~~~~~~~~~~~~~~~~~~~~~~~~~~~^^^^^^^^^^^^^^^^^^^^^^
  File "/home/blackprotocol/.local/lib/python3.14/site-packages/django/db/models/query.py", line 1570, in _filter_or_exclude_inplace
    self._query.add_q(Q(*args, **kwargs))
    ~~~~~~~~~~~~~~~~~^^^^^^^^^^^^^^^^^^^^
  File "/home/blackprotocol/.local/lib/python3.14/site-packages/django/db/models/sql/query.py", line 1676, in add_q
    clause, _ = self._add_q(q_object, can_reuse)
                ~~~~~~~~~~~^^^^^^^^^^^^^^^^^^^^^
  File "/home/blackprotocol/.local/lib/python3.14/site-packages/django/db/models/sql/query.py", line 1708, in _add_q
    child_clause, needed_inner = self.build_filter(
                                 ~~~~~~~~~~~~~~~~~^
        child,
        ^^^^^^
    ...<7 lines>...
        update_join_types=update_join_types,
        ^^^^^^^^^^^^^^^^^^^^^^^^^^^^^^^^^^^^
    )
    ^
  File "/home/blackprotocol/.local/lib/python3.14/site-packages/django/db/models/sql/query.py", line 1533, in build_filter
    return self._add_q(
           ~~~~~~~~~~~^
        filter_expr,
        ^^^^^^^^^^^^
    ...<7 lines>...
        update_join_types=update_join_types,
        ^^^^^^^^^^^^^^^^^^^^^^^^^^^^^^^^^^^^
    )
    ^
  File "/home/blackprotocol/.local/lib/python3.14/site-packages/django/db/models/sql/query.py", line 1708, in _add_q
    child_clause, needed_inner = self.build_filter(
                                 ~~~~~~~~~~~~~~~~~^
        child,
        ^^^^^^
    ...<7 lines>...
        update_join_types=update_join_types,
        ^^^^^^^^^^^^^^^^^^^^^^^^^^^^^^^^^^^^
    )
    ^
  File "/home/blackprotocol/.local/lib/python3.14/site-packages/django/db/models/sql/query.py", line 1556, in build_filter
    lookups, parts, reffed_expression = self.solve_lookup_type(arg, summarize)
                                        ~~~~~~~~~~~~~~~~~~~~~~^^^^^^^^^^^^^^^^
  File "/home/blackprotocol/.local/lib/python3.14/site-packages/django/db/models/sql/query.py", line 1363, in solve_lookup_type
    _, field, _, lookup_parts = self.names_to_path(lookup_splitted, self.get_meta())
                                ~~~~~~~~~~~~~~~~~~^^^^^^^^^^^^^^^^^^^^^^^^^^^^^^^^^^
  File "/home/blackprotocol/.local/lib/python3.14/site-packages/django/db/models/sql/query.py", line 1842, in names_to_path
    raise FieldError(
    ...<2 lines>...
    )
django.core.exceptions.FieldError: Cannot resolve keyword 'nom_mere' into field. Choices are: code, date_naissance, echantillons_enfant, fosa, fosa_id, id, mere, mere_id, nom, poids, porte_entree, porte_entree_id, prenom, sexe
"GET /recherche-patient/?q=qee HTTP/1.1" 500 138698
Internal Server Error: /recherche-patient/
Traceback (most recent call last):
  File "/home/blackprotocol/.local/lib/python3.14/site-packages/django/core/handlers/exception.py", line 55, in inner
    response = get_response(request)
  File "/home/blackprotocol/.local/lib/python3.14/site-packages/django/core/handlers/base.py", line 198, in _get_response
    response = wrapped_callback(request, *callback_args, **callback_kwargs)
  File "/run/media/blackprotocol/D8707BBA707B9E461/mes Projets/GenesisLab/circb_projet/circb_app/views.py", line 979, in recherche_patient
    patients = Patient.objects.filter(
               ~~~~~~~~~~~~~~~~~~~~~~^
        Q(nom__icontains=query) |
        ^^^^^^^^^^^^^^^^^^^^^^^^^
    ...<3 lines>...
        Q(contact_mere__icontains=query) # Nouveau
        ^^^^^^^^^^^^^^^^^^^^^^^^^^^^^^^^^^^^^^^^^^
    ).distinct() # distinct() évite les doublons si une recherche match plusieurs champs
    ^
  File "/home/blackprotocol/.local/lib/python3.14/site-packages/django/db/models/manager.py", line 87, in manager_method
    return getattr(self.get_queryset(), name)(*args, **kwargs)
           ~~~~~~~~~~~~~~~~~~~~~~~~~~~~~~~~~~^^^^^^^^^^^^^^^^^
  File "/home/blackprotocol/.local/lib/python3.14/site-packages/django/db/models/query.py", line 1542, in filter
    return self._filter_or_exclude(False, args, kwargs)
           ~~~~~~~~~~~~~~~~~~~~~~~^^^^^^^^^^^^^^^^^^^^^
  File "/home/blackprotocol/.local/lib/python3.14/site-packages/django/db/models/query.py", line 1560, in _filter_or_exclude
    clone._filter_or_exclude_inplace(negate, args, kwargs)
    ~~~~~~~~~~~~~~~~~~~~~~~~~~~~~~~~^^^^^^^^^^^^^^^^^^^^^^
  File "/home/blackprotocol/.local/lib/python3.14/site-packages/django/db/models/query.py", line 1570, in _filter_or_exclude_inplace
    self._query.add_q(Q(*args, **kwargs))
    ~~~~~~~~~~~~~~~~~^^^^^^^^^^^^^^^^^^^^
  File "/home/blackprotocol/.local/lib/python3.14/site-packages/django/db/models/sql/query.py", line 1676, in add_q
    clause, _ = self._add_q(q_object, can_reuse)
                ~~~~~~~~~~~^^^^^^^^^^^^^^^^^^^^^
  File "/home/blackprotocol/.local/lib/python3.14/site-packages/django/db/models/sql/query.py", line 1708, in _add_q
    child_clause, needed_inner = self.build_filter(
                                 ~~~~~~~~~~~~~~~~~^
        child,
        ^^^^^^
    ...<7 lines>...
        update_join_types=update_join_types,
        ^^^^^^^^^^^^^^^^^^^^^^^^^^^^^^^^^^^^
    )
    ^
  File "/home/blackprotocol/.local/lib/python3.14/site-packages/django/db/models/sql/query.py", line 1533, in build_filter
    return self._add_q(
           ~~~~~~~~~~~^
        filter_expr,
        ^^^^^^^^^^^^
    ...<7 lines>...
        update_join_types=update_join_types,
        ^^^^^^^^^^^^^^^^^^^^^^^^^^^^^^^^^^^^
    )
    ^
  File "/home/blackprotocol/.local/lib/python3.14/site-packages/django/db/models/sql/query.py", line 1708, in _add_q
    child_clause, needed_inner = self.build_filter(
                                 ~~~~~~~~~~~~~~~~~^
        child,
        ^^^^^^
    ...<7 lines>...
        update_join_types=update_join_types,
        ^^^^^^^^^^^^^^^^^^^^^^^^^^^^^^^^^^^^
    )
    ^
  File "/home/blackprotocol/.local/lib/python3.14/site-packages/django/db/models/sql/query.py", line 1556, in build_filter
    lookups, parts, reffed_expression = self.solve_lookup_type(arg, summarize)
                                        ~~~~~~~~~~~~~~~~~~~~~~^^^^^^^^^^^^^^^^
  File "/home/blackprotocol/.local/lib/python3.14/site-packages/django/db/models/sql/query.py", line 1363, in solve_lookup_type
    _, field, _, lookup_parts = self.names_to_path(lookup_splitted, self.get_meta())
                                ~~~~~~~~~~~~~~~~~~^^^^^^^^^^^^^^^^^^^^^^^^^^^^^^^^^^
  File "/home/blackprotocol/.local/lib/python3.14/site-packages/django/db/models/sql/query.py", line 1842, in names_to_path
    raise FieldError(
    ...<2 lines>...
    )
django.core.exceptions.FieldError: Cannot resolve keyword 'nom_mere' into field. Choices are: code, date_naissance, echantillons_enfant, fosa, fosa_id, id, mere, mere_id, nom, poids, porte_entree, porte_entree_id, prenom, sexe
"GET /recherche-patient/?q=qeef HTTP/1.1" 500 138758
Internal Server Error: /recherche-patient/
Traceback (most recent call last):
  File "/home/blackprotocol/.local/lib/python3.14/site-packages/django/core/handlers/exception.py", line 55, in inner
    response = get_response(request)
  File "/home/blackprotocol/.local/lib/python3.14/site-packages/django/core/handlers/base.py", line 198, in _get_response
    response = wrapped_callback(request, *callback_args, **callback_kwargs)
  File "/run/media/blackprotocol/D8707BBA707B9E461/mes Projets/GenesisLab/circb_projet/circb_app/views.py", line 979, in recherche_patient
    patients = Patient.objects.filter(
               ~~~~~~~~~~~~~~~~~~~~~~^
        Q(nom__icontains=query) |
        ^^^^^^^^^^^^^^^^^^^^^^^^^
    ...<3 lines>...
        Q(contact_mere__icontains=query) # Nouveau
        ^^^^^^^^^^^^^^^^^^^^^^^^^^^^^^^^^^^^^^^^^^
    ).distinct() # distinct() évite les doublons si une recherche match plusieurs champs
    ^
  File "/home/blackprotocol/.local/lib/python3.14/site-packages/django/db/models/manager.py", line 87, in manager_method
    return getattr(self.get_queryset(), name)(*args, **kwargs)
           ~~~~~~~~~~~~~~~~~~~~~~~~~~~~~~~~~~^^^^^^^^^^^^^^^^^
  File "/home/blackprotocol/.local/lib/python3.14/site-packages/django/db/models/query.py", line 1542, in filter
    return self._filter_or_exclude(False, args, kwargs)
           ~~~~~~~~~~~~~~~~~~~~~~~^^^^^^^^^^^^^^^^^^^^^
  File "/home/blackprotocol/.local/lib/python3.14/site-packages/django/db/models/query.py", line 1560, in _filter_or_exclude
    clone._filter_or_exclude_inplace(negate, args, kwargs)
    ~~~~~~~~~~~~~~~~~~~~~~~~~~~~~~~~^^^^^^^^^^^^^^^^^^^^^^
  File "/home/blackprotocol/.local/lib/python3.14/site-packages/django/db/models/query.py", line 1570, in _filter_or_exclude_inplace
    self._query.add_q(Q(*args, **kwargs))
    ~~~~~~~~~~~~~~~~~^^^^^^^^^^^^^^^^^^^^
  File "/home/blackprotocol/.local/lib/python3.14/site-packages/django/db/models/sql/query.py", line 1676, in add_q
    clause, _ = self._add_q(q_object, can_reuse)
                ~~~~~~~~~~~^^^^^^^^^^^^^^^^^^^^^
  File "/home/blackprotocol/.local/lib/python3.14/site-packages/django/db/models/sql/query.py", line 1708, in _add_q
    child_clause, needed_inner = self.build_filter(
                                 ~~~~~~~~~~~~~~~~~^
        child,
        ^^^^^^
    ...<7 lines>...
        update_join_types=update_join_types,
        ^^^^^^^^^^^^^^^^^^^^^^^^^^^^^^^^^^^^
    )
    ^
  File "/home/blackprotocol/.local/lib/python3.14/site-packages/django/db/models/sql/query.py", line 1533, in build_filter
    return self._add_q(
           ~~~~~~~~~~~^
        filter_expr,
        ^^^^^^^^^^^^
    ...<7 lines>...
        update_join_types=update_join_types,
        ^^^^^^^^^^^^^^^^^^^^^^^^^^^^^^^^^^^^
    )
    ^
  File "/home/blackprotocol/.local/lib/python3.14/site-packages/django/db/models/sql/query.py", line 1708, in _add_q
    child_clause, needed_inner = self.build_filter(
                                 ~~~~~~~~~~~~~~~~~^
        child,
        ^^^^^^
    ...<7 lines>...
        update_join_types=update_join_types,
        ^^^^^^^^^^^^^^^^^^^^^^^^^^^^^^^^^^^^
    )
    ^
  File "/home/blackprotocol/.local/lib/python3.14/site-packages/django/db/models/sql/query.py", line 1556, in build_filter
    lookups, parts, reffed_expression = self.solve_lookup_type(arg, summarize)
                                        ~~~~~~~~~~~~~~~~~~~~~~^^^^^^^^^^^^^^^^
  File "/home/blackprotocol/.local/lib/python3.14/site-packages/django/db/models/sql/query.py", line 1363, in solve_lookup_type
    _, field, _, lookup_parts = self.names_to_path(lookup_splitted, self.get_meta())
                                ~~~~~~~~~~~~~~~~~~^^^^^^^^^^^^^^^^^^^^^^^^^^^^^^^^^^
  File "/home/blackprotocol/.local/lib/python3.14/site-packages/django/db/models/sql/query.py", line 1842, in names_to_path
    raise FieldError(
    ...<2 lines>...
    )
django.core.exceptions.FieldError: Cannot resolve keyword 'nom_mere' into field. Choices are: code, date_naissance, echantillons_enfant, fosa, fosa_id, id, mere, mere_id, nom, poids, porte_entree, porte_entree_id, prenom, sexe
"GET /recherche-patient/?q=ada HTTP/1.1" 500 138698
Internal Server Error: /recherche-patient/
Traceback (most recent call last):
  File "/home/blackprotocol/.local/lib/python3.14/site-packages/django/core/handlers/exception.py", line 55, in inner
    response = get_response(request)
  File "/home/blackprotocol/.local/lib/python3.14/site-packages/django/core/handlers/base.py", line 198, in _get_response
    response = wrapped_callback(request, *callback_args, **callback_kwargs)
  File "/run/media/blackprotocol/D8707BBA707B9E461/mes Projets/GenesisLab/circb_projet/circb_app/views.py", line 979, in recherche_patient
    patients = Patient.objects.filter(
               ~~~~~~~~~~~~~~~~~~~~~~^
        Q(nom__icontains=query) |
        ^^^^^^^^^^^^^^^^^^^^^^^^^
    ...<3 lines>...
        Q(contact_mere__icontains=query) # Nouveau
        ^^^^^^^^^^^^^^^^^^^^^^^^^^^^^^^^^^^^^^^^^^
    ).distinct() # distinct() évite les doublons si une recherche match plusieurs champs
    ^
  File "/home/blackprotocol/.local/lib/python3.14/site-packages/django/db/models/manager.py", line 87, in manager_method
    return getattr(self.get_queryset(), name)(*args, **kwargs)
           ~~~~~~~~~~~~~~~~~~~~~~~~~~~~~~~~~~^^^^^^^^^^^^^^^^^
  File "/home/blackprotocol/.local/lib/python3.14/site-packages/django/db/models/query.py", line 1542, in filter
    return self._filter_or_exclude(False, args, kwargs)
           ~~~~~~~~~~~~~~~~~~~~~~~^^^^^^^^^^^^^^^^^^^^^
  File "/home/blackprotocol/.local/lib/python3.14/site-packages/django/db/models/query.py", line 1560, in _filter_or_exclude
    clone._filter_or_exclude_inplace(negate, args, kwargs)
    ~~~~~~~~~~~~~~~~~~~~~~~~~~~~~~~~^^^^^^^^^^^^^^^^^^^^^^
  File "/home/blackprotocol/.local/lib/python3.14/site-packages/django/db/models/query.py", line 1570, in _filter_or_exclude_inplace
    self._query.add_q(Q(*args, **kwargs))
    ~~~~~~~~~~~~~~~~~^^^^^^^^^^^^^^^^^^^^
  File "/home/blackprotocol/.local/lib/python3.14/site-packages/django/db/models/sql/query.py", line 1676, in add_q
    clause, _ = self._add_q(q_object, can_reuse)
                ~~~~~~~~~~~^^^^^^^^^^^^^^^^^^^^^
  File "/home/blackprotocol/.local/lib/python3.14/site-packages/django/db/models/sql/query.py", line 1708, in _add_q
    child_clause, needed_inner = self.build_filter(
                                 ~~~~~~~~~~~~~~~~~^
        child,
        ^^^^^^
    ...<7 lines>...
        update_join_types=update_join_types,
        ^^^^^^^^^^^^^^^^^^^^^^^^^^^^^^^^^^^^
    )
    ^
  File "/home/blackprotocol/.local/lib/python3.14/site-packages/django/db/models/sql/query.py", line 1533, in build_filter
    return self._add_q(
           ~~~~~~~~~~~^
        filter_expr,
        ^^^^^^^^^^^^
    ...<7 lines>...
        update_join_types=update_join_types,
        ^^^^^^^^^^^^^^^^^^^^^^^^^^^^^^^^^^^^
    )
    ^
  File "/home/blackprotocol/.local/lib/python3.14/site-packages/django/db/models/sql/query.py", line 1708, in _add_q
    child_clause, needed_inner = self.build_filter(
                                 ~~~~~~~~~~~~~~~~~^
        child,
        ^^^^^^
    ...<7 lines>...
        update_join_types=update_join_types,
        ^^^^^^^^^^^^^^^^^^^^^^^^^^^^^^^^^^^^
    )
    ^
  File "/home/blackprotocol/.local/lib/python3.14/site-packages/django/db/models/sql/query.py", line 1556, in build_filter
    lookups, parts, reffed_expression = self.solve_lookup_type(arg, summarize)
                                        ~~~~~~~~~~~~~~~~~~~~~~^^^^^^^^^^^^^^^^
  File "/home/blackprotocol/.local/lib/python3.14/site-packages/django/db/models/sql/query.py", line 1363, in solve_lookup_type
    _, field, _, lookup_parts = self.names_to_path(lookup_splitted, self.get_meta())
                                ~~~~~~~~~~~~~~~~~~^^^^^^^^^^^^^^^^^^^^^^^^^^^^^^^^^^
  File "/home/blackprotocol/.local/lib/python3.14/site-packages/django/db/models/sql/query.py", line 1842, in names_to_path
    raise FieldError(
    ...<2 lines>...
    )
django.core.exceptions.FieldError: Cannot resolve keyword 'nom_mere' into field. Choices are: code, date_naissance, echantillons_enfant, fosa, fosa_id, id, mere, mere_id, nom, poids, porte_entree, porte_entree_id, prenom, sexe
"GET /recherche-patient/?q=ada HTTP/1.1" 500 138698
Internal Server Error: /recherche-patient/
Traceback (most recent call last):
  File "/home/blackprotocol/.local/lib/python3.14/site-packages/django/core/handlers/exception.py", line 55, in inner
    response = get_response(request)
  File "/home/blackprotocol/.local/lib/python3.14/site-packages/django/core/handlers/base.py", line 198, in _get_response
    response = wrapped_callback(request, *callback_args, **callback_kwargs)
  File "/run/media/blackprotocol/D8707BBA707B9E461/mes Projets/GenesisLab/circb_projet/circb_app/views.py", line 979, in recherche_patient
    patients = Patient.objects.filter(
               ~~~~~~~~~~~~~~~~~~~~~~^
        Q(nom__icontains=query) |
        ^^^^^^^^^^^^^^^^^^^^^^^^^
    ...<3 lines>...
        Q(contact_mere__icontains=query) # Nouveau
        ^^^^^^^^^^^^^^^^^^^^^^^^^^^^^^^^^^^^^^^^^^
    ).distinct() # distinct() évite les doublons si une recherche match plusieurs champs
    ^
  File "/home/blackprotocol/.local/lib/python3.14/site-packages/django/db/models/manager.py", line 87, in manager_method
    return getattr(self.get_queryset(), name)(*args, **kwargs)
           ~~~~~~~~~~~~~~~~~~~~~~~~~~~~~~~~~~^^^^^^^^^^^^^^^^^
  File "/home/blackprotocol/.local/lib/python3.14/site-packages/django/db/models/query.py", line 1542, in filter
    return self._filter_or_exclude(False, args, kwargs)
           ~~~~~~~~~~~~~~~~~~~~~~~^^^^^^^^^^^^^^^^^^^^^
  File "/home/blackprotocol/.local/lib/python3.14/site-packages/django/db/models/query.py", line 1560, in _filter_or_exclude
    clone._filter_or_exclude_inplace(negate, args, kwargs)
    ~~~~~~~~~~~~~~~~~~~~~~~~~~~~~~~~^^^^^^^^^^^^^^^^^^^^^^
  File "/home/blackprotocol/.local/lib/python3.14/site-packages/django/db/models/query.py", line 1570, in _filter_or_exclude_inplace
    self._query.add_q(Q(*args, **kwargs))
    ~~~~~~~~~~~~~~~~~^^^^^^^^^^^^^^^^^^^^
  File "/home/blackprotocol/.local/lib/python3.14/site-packages/django/db/models/sql/query.py", line 1676, in add_q
    clause, _ = self._add_q(q_object, can_reuse)
                ~~~~~~~~~~~^^^^^^^^^^^^^^^^^^^^^
  File "/home/blackprotocol/.local/lib/python3.14/site-packages/django/db/models/sql/query.py", line 1708, in _add_q
    child_clause, needed_inner = self.build_filter(
                                 ~~~~~~~~~~~~~~~~~^
        child,
        ^^^^^^
    ...<7 lines>...
        update_join_types=update_join_types,
        ^^^^^^^^^^^^^^^^^^^^^^^^^^^^^^^^^^^^
    )
    ^
  File "/home/blackprotocol/.local/lib/python3.14/site-packages/django/db/models/sql/query.py", line 1533, in build_filter
    return self._add_q(
           ~~~~~~~~~~~^
        filter_expr,
        ^^^^^^^^^^^^
    ...<7 lines>...
        update_join_types=update_join_types,
        ^^^^^^^^^^^^^^^^^^^^^^^^^^^^^^^^^^^^
    )
    ^
  File "/home/blackprotocol/.local/lib/python3.14/site-packages/django/db/models/sql/query.py", line 1708, in _add_q
    child_clause, needed_inner = self.build_filter(
                                 ~~~~~~~~~~~~~~~~~^
        child,
        ^^^^^^
    ...<7 lines>...
        update_join_types=update_join_types,
        ^^^^^^^^^^^^^^^^^^^^^^^^^^^^^^^^^^^^
    )
    ^
  File "/home/blackprotocol/.local/lib/python3.14/site-packages/django/db/models/sql/query.py", line 1556, in build_filter
    lookups, parts, reffed_expression = self.solve_lookup_type(arg, summarize)
                                        ~~~~~~~~~~~~~~~~~~~~~~^^^^^^^^^^^^^^^^
  File "/home/blackprotocol/.local/lib/python3.14/site-packages/django/db/models/sql/query.py", line 1363, in solve_lookup_type
    _, field, _, lookup_parts = self.names_to_path(lookup_splitted, self.get_meta())
                                ~~~~~~~~~~~~~~~~~~^^^^^^^^^^^^^^^^^^^^^^^^^^^^^^^^^^
  File "/home/blackprotocol/.local/lib/python3.14/site-packages/django/db/models/sql/query.py", line 1842, in names_to_path
    raise FieldError(
    ...<2 lines>...
    )
django.core.exceptions.FieldError: Cannot resolve keyword 'nom_mere' into field. Choices are: code, date_naissance, echantillons_enfant, fosa, fosa_id, id, mere, mere_id, nom, poids, porte_entree, porte_entree_id, prenom, sexe
"GET /recherche-patient/?q=ad HTTP/1.1" 500 138638
Internal Server Error: /recherche-patient/
Traceback (most recent call last):
  File "/home/blackprotocol/.local/lib/python3.14/site-packages/django/core/handlers/exception.py", line 55, in inner
    response = get_response(request)
  File "/home/blackprotocol/.local/lib/python3.14/site-packages/django/core/handlers/base.py", line 198, in _get_response
    response = wrapped_callback(request, *callback_args, **callback_kwargs)
  File "/run/media/blackprotocol/D8707BBA707B9E461/mes Projets/GenesisLab/circb_projet/circb_app/views.py", line 979, in recherche_patient
    patients = Patient.objects.filter(
               ~~~~~~~~~~~~~~~~~~~~~~^
        Q(nom__icontains=query) |
        ^^^^^^^^^^^^^^^^^^^^^^^^^
    ...<3 lines>...
        Q(contact_mere__icontains=query) # Nouveau
        ^^^^^^^^^^^^^^^^^^^^^^^^^^^^^^^^^^^^^^^^^^
    ).distinct() # distinct() évite les doublons si une recherche match plusieurs champs
    ^
  File "/home/blackprotocol/.local/lib/python3.14/site-packages/django/db/models/manager.py", line 87, in manager_method
    return getattr(self.get_queryset(), name)(*args, **kwargs)
           ~~~~~~~~~~~~~~~~~~~~~~~~~~~~~~~~~~^^^^^^^^^^^^^^^^^
  File "/home/blackprotocol/.local/lib/python3.14/site-packages/django/db/models/query.py", line 1542, in filter
    return self._filter_or_exclude(False, args, kwargs)
           ~~~~~~~~~~~~~~~~~~~~~~~^^^^^^^^^^^^^^^^^^^^^
  File "/home/blackprotocol/.local/lib/python3.14/site-packages/django/db/models/query.py", line 1560, in _filter_or_exclude
    clone._filter_or_exclude_inplace(negate, args, kwargs)
    ~~~~~~~~~~~~~~~~~~~~~~~~~~~~~~~~^^^^^^^^^^^^^^^^^^^^^^
  File "/home/blackprotocol/.local/lib/python3.14/site-packages/django/db/models/query.py", line 1570, in _filter_or_exclude_inplace
    self._query.add_q(Q(*args, **kwargs))
    ~~~~~~~~~~~~~~~~~^^^^^^^^^^^^^^^^^^^^
  File "/home/blackprotocol/.local/lib/python3.14/site-packages/django/db/models/sql/query.py", line 1676, in add_q
    clause, _ = self._add_q(q_object, can_reuse)
                ~~~~~~~~~~~^^^^^^^^^^^^^^^^^^^^^
  File "/home/blackprotocol/.local/lib/python3.14/site-packages/django/db/models/sql/query.py", line 1708, in _add_q
    child_clause, needed_inner = self.build_filter(
                                 ~~~~~~~~~~~~~~~~~^
        child,
        ^^^^^^
    ...<7 lines>...
        update_join_types=update_join_types,
        ^^^^^^^^^^^^^^^^^^^^^^^^^^^^^^^^^^^^
    )
    ^
  File "/home/blackprotocol/.local/lib/python3.14/site-packages/django/db/models/sql/query.py", line 1533, in build_filter
    return self._add_q(
           ~~~~~~~~~~~^
        filter_expr,
        ^^^^^^^^^^^^
    ...<7 lines>...
        update_join_types=update_join_types,
        ^^^^^^^^^^^^^^^^^^^^^^^^^^^^^^^^^^^^
    )
    ^
  File "/home/blackprotocol/.local/lib/python3.14/site-packages/django/db/models/sql/query.py", line 1708, in _add_q
    child_clause, needed_inner = self.build_filter(
                                 ~~~~~~~~~~~~~~~~~^
        child,
        ^^^^^^
    ...<7 lines>...
        update_join_types=update_join_types,
        ^^^^^^^^^^^^^^^^^^^^^^^^^^^^^^^^^^^^
    )
    ^
  File "/home/blackprotocol/.local/lib/python3.14/site-packages/django/db/models/sql/query.py", line 1556, in build_filter
    lookups, parts, reffed_expression = self.solve_lookup_type(arg, summarize)
                                        ~~~~~~~~~~~~~~~~~~~~~~^^^^^^^^^^^^^^^^
  File "/home/blackprotocol/.local/lib/python3.14/site-packages/django/db/models/sql/query.py", line 1363, in solve_lookup_type
    _, field, _, lookup_parts = self.names_to_path(lookup_splitted, self.get_meta())
                                ~~~~~~~~~~~~~~~~~~^^^^^^^^^^^^^^^^^^^^^^^^^^^^^^^^^^
  File "/home/blackprotocol/.local/lib/python3.14/site-packages/django/db/models/sql/query.py", line 1842, in names_to_path
    raise FieldError(
    ...<2 lines>...
    )
django.core.exceptions.FieldError: Cannot resolve keyword 'nom_mere' into field. Choices are: code, date_naissance, echantillons_enfant, fosa, fosa_id, id, mere, mere_id, nom, poids, porte_entree, porte_entree_id, prenom, sexe
"GET /recherche-patient/?q=as HTTP/1.1" 500 138638
Internal Server Error: /recherche-patient/
Traceback (most recent call last):
  File "/home/blackprotocol/.local/lib/python3.14/site-packages/django/core/handlers/exception.py", line 55, in inner
    response = get_response(request)
  File "/home/blackprotocol/.local/lib/python3.14/site-packages/django/core/handlers/base.py", line 198, in _get_response
    response = wrapped_callback(request, *callback_args, **callback_kwargs)
  File "/run/media/blackprotocol/D8707BBA707B9E461/mes Projets/GenesisLab/circb_projet/circb_app/views.py", line 979, in recherche_patient
    patients = Patient.objects.filter(
               ~~~~~~~~~~~~~~~~~~~~~~^
        Q(nom__icontains=query) |
        ^^^^^^^^^^^^^^^^^^^^^^^^^
    ...<3 lines>...
        Q(contact_mere__icontains=query) # Nouveau
        ^^^^^^^^^^^^^^^^^^^^^^^^^^^^^^^^^^^^^^^^^^
    ).distinct() # distinct() évite les doublons si une recherche match plusieurs champs
    ^
  File "/home/blackprotocol/.local/lib/python3.14/site-packages/django/db/models/manager.py", line 87, in manager_method
    return getattr(self.get_queryset(), name)(*args, **kwargs)
           ~~~~~~~~~~~~~~~~~~~~~~~~~~~~~~~~~~^^^^^^^^^^^^^^^^^
  File "/home/blackprotocol/.local/lib/python3.14/site-packages/django/db/models/query.py", line 1542, in filter
    return self._filter_or_exclude(False, args, kwargs)
           ~~~~~~~~~~~~~~~~~~~~~~~^^^^^^^^^^^^^^^^^^^^^
  File "/home/blackprotocol/.local/lib/python3.14/site-packages/django/db/models/query.py", line 1560, in _filter_or_exclude
    clone._filter_or_exclude_inplace(negate, args, kwargs)
    ~~~~~~~~~~~~~~~~~~~~~~~~~~~~~~~~^^^^^^^^^^^^^^^^^^^^^^
  File "/home/blackprotocol/.local/lib/python3.14/site-packages/django/db/models/query.py", line 1570, in _filter_or_exclude_inplace
    self._query.add_q(Q(*args, **kwargs))
    ~~~~~~~~~~~~~~~~~^^^^^^^^^^^^^^^^^^^^
  File "/home/blackprotocol/.local/lib/python3.14/site-packages/django/db/models/sql/query.py", line 1676, in add_q
    clause, _ = self._add_q(q_object, can_reuse)
                ~~~~~~~~~~~^^^^^^^^^^^^^^^^^^^^^
  File "/home/blackprotocol/.local/lib/python3.14/site-packages/django/db/models/sql/query.py", line 1708, in _add_q
    child_clause, needed_inner = self.build_filter(
                                 ~~~~~~~~~~~~~~~~~^
        child,
        ^^^^^^
    ...<7 lines>...
        update_join_types=update_join_types,
        ^^^^^^^^^^^^^^^^^^^^^^^^^^^^^^^^^^^^
    )
    ^
  File "/home/blackprotocol/.local/lib/python3.14/site-packages/django/db/models/sql/query.py", line 1533, in build_filter
    return self._add_q(
           ~~~~~~~~~~~^
        filter_expr,
        ^^^^^^^^^^^^
    ...<7 lines>...
        update_join_types=update_join_types,
        ^^^^^^^^^^^^^^^^^^^^^^^^^^^^^^^^^^^^
    )
    ^
  File "/home/blackprotocol/.local/lib/python3.14/site-packages/django/db/models/sql/query.py", line 1708, in _add_q
    child_clause, needed_inner = self.build_filter(
                                 ~~~~~~~~~~~~~~~~~^
        child,
        ^^^^^^
    ...<7 lines>...
        update_join_types=update_join_types,
        ^^^^^^^^^^^^^^^^^^^^^^^^^^^^^^^^^^^^
    )
    ^
  File "/home/blackprotocol/.local/lib/python3.14/site-packages/django/db/models/sql/query.py", line 1556, in build_filter
    lookups, parts, reffed_expression = self.solve_lookup_type(arg, summarize)
                                        ~~~~~~~~~~~~~~~~~~~~~~^^^^^^^^^^^^^^^^
  File "/home/blackprotocol/.local/lib/python3.14/site-packages/django/db/models/sql/query.py", line 1363, in solve_lookup_type
    _, field, _, lookup_parts = self.names_to_path(lookup_splitted, self.get_meta())
                                ~~~~~~~~~~~~~~~~~~^^^^^^^^^^^^^^^^^^^^^^^^^^^^^^^^^^
  File "/home/blackprotocol/.local/lib/python3.14/site-packages/django/db/models/sql/query.py", line 1842, in names_to_path
    raise FieldError(
    ...<2 lines>...
    )
django.core.exceptions.FieldError: Cannot resolve keyword 'nom_mere' into field. Choices are: code, date_naissance, echantillons_enfant, fosa, fosa_id, id, mere, mere_id, nom, poids, porte_entree, porte_entree_id, prenom, sexe
"GET /recherche-patient/?q=asddfjnvndncn HTTP/1.1" 500 139298
Internal Server Error: /recherche-patient/
Traceback (most recent call last):
  File "/home/blackprotocol/.local/lib/python3.14/site-packages/django/core/handlers/exception.py", line 55, in inner
    response = get_response(request)
  File "/home/blackprotocol/.local/lib/python3.14/site-packages/django/core/handlers/base.py", line 198, in _get_response
    response = wrapped_callback(request, *callback_args, **callback_kwargs)
  File "/run/media/blackprotocol/D8707BBA707B9E461/mes Projets/GenesisLab/circb_projet/circb_app/views.py", line 979, in recherche_patient
    patients = Patient.objects.filter(
               ~~~~~~~~~~~~~~~~~~~~~~^
        Q(nom__icontains=query) |
        ^^^^^^^^^^^^^^^^^^^^^^^^^
    ...<3 lines>...
        Q(contact_mere__icontains=query) # Nouveau
        ^^^^^^^^^^^^^^^^^^^^^^^^^^^^^^^^^^^^^^^^^^
    ).distinct() # distinct() évite les doublons si une recherche match plusieurs champs
    ^
  File "/home/blackprotocol/.local/lib/python3.14/site-packages/django/db/models/manager.py", line 87, in manager_method
    return getattr(self.get_queryset(), name)(*args, **kwargs)
           ~~~~~~~~~~~~~~~~~~~~~~~~~~~~~~~~~~^^^^^^^^^^^^^^^^^
  File "/home/blackprotocol/.local/lib/python3.14/site-packages/django/db/models/query.py", line 1542, in filter
    return self._filter_or_exclude(False, args, kwargs)
           ~~~~~~~~~~~~~~~~~~~~~~~^^^^^^^^^^^^^^^^^^^^^
  File "/home/blackprotocol/.local/lib/python3.14/site-packages/django/db/models/query.py", line 1560, in _filter_or_exclude
    clone._filter_or_exclude_inplace(negate, args, kwargs)
    ~~~~~~~~~~~~~~~~~~~~~~~~~~~~~~~~^^^^^^^^^^^^^^^^^^^^^^
  File "/home/blackprotocol/.local/lib/python3.14/site-packages/django/db/models/query.py", line 1570, in _filter_or_exclude_inplace
    self._query.add_q(Q(*args, **kwargs))
    ~~~~~~~~~~~~~~~~~^^^^^^^^^^^^^^^^^^^^
  File "/home/blackprotocol/.local/lib/python3.14/site-packages/django/db/models/sql/query.py", line 1676, in add_q
    clause, _ = self._add_q(q_object, can_reuse)
                ~~~~~~~~~~~^^^^^^^^^^^^^^^^^^^^^
  File "/home/blackprotocol/.local/lib/python3.14/site-packages/django/db/models/sql/query.py", line 1708, in _add_q
    child_clause, needed_inner = self.build_filter(
                                 ~~~~~~~~~~~~~~~~~^
        child,
        ^^^^^^
    ...<7 lines>...
        update_join_types=update_join_types,
        ^^^^^^^^^^^^^^^^^^^^^^^^^^^^^^^^^^^^
    )
    ^
  File "/home/blackprotocol/.local/lib/python3.14/site-packages/django/db/models/sql/query.py", line 1533, in build_filter
    return self._add_q(
           ~~~~~~~~~~~^
        filter_expr,
        ^^^^^^^^^^^^
    ...<7 lines>...
        update_join_types=update_join_types,
        ^^^^^^^^^^^^^^^^^^^^^^^^^^^^^^^^^^^^
    )
    ^
  File "/home/blackprotocol/.local/lib/python3.14/site-packages/django/db/models/sql/query.py", line 1708, in _add_q
    child_clause, needed_inner = self.build_filter(
                                 ~~~~~~~~~~~~~~~~~^
        child,
        ^^^^^^
    ...<7 lines>...
        update_join_types=update_join_types,
        ^^^^^^^^^^^^^^^^^^^^^^^^^^^^^^^^^^^^
    )
    ^
  File "/home/blackprotocol/.local/lib/python3.14/site-packages/django/db/models/sql/query.py", line 1556, in build_filter
    lookups, parts, reffed_expression = self.solve_lookup_type(arg, summarize)
                                        ~~~~~~~~~~~~~~~~~~~~~~^^^^^^^^^^^^^^^^
  File "/home/blackprotocol/.local/lib/python3.14/site-packages/django/db/models/sql/query.py", line 1363, in solve_lookup_type
    _, field, _, lookup_parts = self.names_to_path(lookup_splitted, self.get_meta())
                                ~~~~~~~~~~~~~~~~~~^^^^^^^^^^^^^^^^^^^^^^^^^^^^^^^^^^
  File "/home/blackprotocol/.local/lib/python3.14/site-packages/django/db/models/sql/query.py", line 1842, in names_to_path
    raise FieldError(
    ...<2 lines>...
    )
django.core.exceptions.FieldError: Cannot resolve keyword 'nom_mere' into field. Choices are: code, date_naissance, echantillons_enfant, fosa, fosa_id, id, mere, mere_id, nom, poids, porte_entree, porte_entree_id, prenom, sexe
"GET /recherche-patient/?q=asddfjnvndnc HTTP/1.1" 500 139238
Internal Server Error: /recherche-patient/
Traceback (most recent call last):
  File "/home/blackprotocol/.local/lib/python3.14/site-packages/django/core/handlers/exception.py", line 55, in inner
    response = get_response(request)
  File "/home/blackprotocol/.local/lib/python3.14/site-packages/django/core/handlers/base.py", line 198, in _get_response
    response = wrapped_callback(request, *callback_args, **callback_kwargs)
  File "/run/media/blackprotocol/D8707BBA707B9E461/mes Projets/GenesisLab/circb_projet/circb_app/views.py", line 979, in recherche_patient
    patients = Patient.objects.filter(
               ~~~~~~~~~~~~~~~~~~~~~~^
        Q(nom__icontains=query) |
        ^^^^^^^^^^^^^^^^^^^^^^^^^
    ...<3 lines>...
        Q(contact_mere__icontains=query) # Nouveau
        ^^^^^^^^^^^^^^^^^^^^^^^^^^^^^^^^^^^^^^^^^^
    ).distinct() # distinct() évite les doublons si une recherche match plusieurs champs
    ^
  File "/home/blackprotocol/.local/lib/python3.14/site-packages/django/db/models/manager.py", line 87, in manager_method
    return getattr(self.get_queryset(), name)(*args, **kwargs)
           ~~~~~~~~~~~~~~~~~~~~~~~~~~~~~~~~~~^^^^^^^^^^^^^^^^^
  File "/home/blackprotocol/.local/lib/python3.14/site-packages/django/db/models/query.py", line 1542, in filter
    return self._filter_or_exclude(False, args, kwargs)
           ~~~~~~~~~~~~~~~~~~~~~~~^^^^^^^^^^^^^^^^^^^^^
  File "/home/blackprotocol/.local/lib/python3.14/site-packages/django/db/models/query.py", line 1560, in _filter_or_exclude
    clone._filter_or_exclude_inplace(negate, args, kwargs)
    ~~~~~~~~~~~~~~~~~~~~~~~~~~~~~~~~^^^^^^^^^^^^^^^^^^^^^^
  File "/home/blackprotocol/.local/lib/python3.14/site-packages/django/db/models/query.py", line 1570, in _filter_or_exclude_inplace
    self._query.add_q(Q(*args, **kwargs))
    ~~~~~~~~~~~~~~~~~^^^^^^^^^^^^^^^^^^^^
  File "/home/blackprotocol/.local/lib/python3.14/site-packages/django/db/models/sql/query.py", line 1676, in add_q
    clause, _ = self._add_q(q_object, can_reuse)
                ~~~~~~~~~~~^^^^^^^^^^^^^^^^^^^^^
  File "/home/blackprotocol/.local/lib/python3.14/site-packages/django/db/models/sql/query.py", line 1708, in _add_q
    child_clause, needed_inner = self.build_filter(
                                 ~~~~~~~~~~~~~~~~~^
        child,
        ^^^^^^
    ...<7 lines>...
        update_join_types=update_join_types,
        ^^^^^^^^^^^^^^^^^^^^^^^^^^^^^^^^^^^^
    )
    ^
  File "/home/blackprotocol/.local/lib/python3.14/site-packages/django/db/models/sql/query.py", line 1533, in build_filter
    return self._add_q(
           ~~~~~~~~~~~^
        filter_expr,
        ^^^^^^^^^^^^
    ...<7 lines>...
        update_join_types=update_join_types,
        ^^^^^^^^^^^^^^^^^^^^^^^^^^^^^^^^^^^^
    )
    ^
  File "/home/blackprotocol/.local/lib/python3.14/site-packages/django/db/models/sql/query.py", line 1708, in _add_q
    child_clause, needed_inner = self.build_filter(
                                 ~~~~~~~~~~~~~~~~~^
        child,
        ^^^^^^
    ...<7 lines>...
        update_join_types=update_join_types,
        ^^^^^^^^^^^^^^^^^^^^^^^^^^^^^^^^^^^^
    )
    ^
  File "/home/blackprotocol/.local/lib/python3.14/site-packages/django/db/models/sql/query.py", line 1556, in build_filter
    lookups, parts, reffed_expression = self.solve_lookup_type(arg, summarize)
                                        ~~~~~~~~~~~~~~~~~~~~~~^^^^^^^^^^^^^^^^
  File "/home/blackprotocol/.local/lib/python3.14/site-packages/django/db/models/sql/query.py", line 1363, in solve_lookup_type
    _, field, _, lookup_parts = self.names_to_path(lookup_splitted, self.get_meta())
                                ~~~~~~~~~~~~~~~~~~^^^^^^^^^^^^^^^^^^^^^^^^^^^^^^^^^^
  File "/home/blackprotocol/.local/lib/python3.14/site-packages/django/db/models/sql/query.py", line 1842, in names_to_path
    raise FieldError(
    ...<2 lines>...
    )
django.core.exceptions.FieldError: Cannot resolve keyword 'nom_mere' into field. Choices are: code, date_naissance, echantillons_enfant, fosa, fosa_id, id, mere, mere_id, nom, poids, porte_entree, porte_entree_id, prenom, sexe
"GET /recherche-patient/?q=dn HTTP/1.1" 500 138638
Internal Server Error: /recherche-patient/
Traceback (most recent call last):
  File "/home/blackprotocol/.local/lib/python3.14/site-packages/django/core/handlers/exception.py", line 55, in inner
    response = get_response(request)
  File "/home/blackprotocol/.local/lib/python3.14/site-packages/django/core/handlers/base.py", line 198, in _get_response
    response = wrapped_callback(request, *callback_args, **callback_kwargs)
  File "/run/media/blackprotocol/D8707BBA707B9E461/mes Projets/GenesisLab/circb_projet/circb_app/views.py", line 979, in recherche_patient
    patients = Patient.objects.filter(
               ~~~~~~~~~~~~~~~~~~~~~~^
        Q(nom__icontains=query) |
        ^^^^^^^^^^^^^^^^^^^^^^^^^
    ...<3 lines>...
        Q(contact_mere__icontains=query) # Nouveau
        ^^^^^^^^^^^^^^^^^^^^^^^^^^^^^^^^^^^^^^^^^^
    ).distinct() # distinct() évite les doublons si une recherche match plusieurs champs
    ^
  File "/home/blackprotocol/.local/lib/python3.14/site-packages/django/db/models/manager.py", line 87, in manager_method
    return getattr(self.get_queryset(), name)(*args, **kwargs)
           ~~~~~~~~~~~~~~~~~~~~~~~~~~~~~~~~~~^^^^^^^^^^^^^^^^^
  File "/home/blackprotocol/.local/lib/python3.14/site-packages/django/db/models/query.py", line 1542, in filter
    return self._filter_or_exclude(False, args, kwargs)
           ~~~~~~~~~~~~~~~~~~~~~~~^^^^^^^^^^^^^^^^^^^^^
  File "/home/blackprotocol/.local/lib/python3.14/site-packages/django/db/models/query.py", line 1560, in _filter_or_exclude
    clone._filter_or_exclude_inplace(negate, args, kwargs)
    ~~~~~~~~~~~~~~~~~~~~~~~~~~~~~~~~^^^^^^^^^^^^^^^^^^^^^^
  File "/home/blackprotocol/.local/lib/python3.14/site-packages/django/db/models/query.py", line 1570, in _filter_or_exclude_inplace
    self._query.add_q(Q(*args, **kwargs))
    ~~~~~~~~~~~~~~~~~^^^^^^^^^^^^^^^^^^^^
  File "/home/blackprotocol/.local/lib/python3.14/site-packages/django/db/models/sql/query.py", line 1676, in add_q
    clause, _ = self._add_q(q_object, can_reuse)
                ~~~~~~~~~~~^^^^^^^^^^^^^^^^^^^^^
  File "/home/blackprotocol/.local/lib/python3.14/site-packages/django/db/models/sql/query.py", line 1708, in _add_q
    child_clause, needed_inner = self.build_filter(
                                 ~~~~~~~~~~~~~~~~~^
        child,
        ^^^^^^
    ...<7 lines>...
        update_join_types=update_join_types,
        ^^^^^^^^^^^^^^^^^^^^^^^^^^^^^^^^^^^^
    )
    ^
  File "/home/blackprotocol/.local/lib/python3.14/site-packages/django/db/models/sql/query.py", line 1533, in build_filter
    return self._add_q(
           ~~~~~~~~~~~^
        filter_expr,
        ^^^^^^^^^^^^
    ...<7 lines>...
        update_join_types=update_join_types,
        ^^^^^^^^^^^^^^^^^^^^^^^^^^^^^^^^^^^^
    )
    ^
  File "/home/blackprotocol/.local/lib/python3.14/site-packages/django/db/models/sql/query.py", line 1708, in _add_q
    child_clause, needed_inner = self.build_filter(
                                 ~~~~~~~~~~~~~~~~~^
        child,
        ^^^^^^
    ...<7 lines>...
        update_join_types=update_join_types,
        ^^^^^^^^^^^^^^^^^^^^^^^^^^^^^^^^^^^^
    )
    ^
  File "/home/blackprotocol/.local/lib/python3.14/site-packages/django/db/models/sql/query.py", line 1556, in build_filter
    lookups, parts, reffed_expression = self.solve_lookup_type(arg, summarize)
                                        ~~~~~~~~~~~~~~~~~~~~~~^^^^^^^^^^^^^^^^
  File "/home/blackprotocol/.local/lib/python3.14/site-packages/django/db/models/sql/query.py", line 1363, in solve_lookup_type
    _, field, _, lookup_parts = self.names_to_path(lookup_splitted, self.get_meta())
                                ~~~~~~~~~~~~~~~~~~^^^^^^^^^^^^^^^^^^^^^^^^^^^^^^^^^^
  File "/home/blackprotocol/.local/lib/python3.14/site-packages/django/db/models/sql/query.py", line 1842, in names_to_path
    raise FieldError(
    ...<2 lines>...
    )
django.core.exceptions.FieldError: Cannot resolve keyword 'nom_mere' into field. Choices are: code, date_naissance, echantillons_enfant, fosa, fosa_id, id, mere, mere_id, nom, poids, porte_entree, porte_entree_id, prenom, sexe
"GET /recherche-patient/?q=dnf HTTP/1.1" 500 138698
Internal Server Error: /recherche-patient/
Traceback (most recent call last):
  File "/home/blackprotocol/.local/lib/python3.14/site-packages/django/core/handlers/exception.py", line 55, in inner
    response = get_response(request)
  File "/home/blackprotocol/.local/lib/python3.14/site-packages/django/core/handlers/base.py", line 198, in _get_response
    response = wrapped_callback(request, *callback_args, **callback_kwargs)
  File "/run/media/blackprotocol/D8707BBA707B9E461/mes Projets/GenesisLab/circb_projet/circb_app/views.py", line 979, in recherche_patient
    patients = Patient.objects.filter(
               ~~~~~~~~~~~~~~~~~~~~~~^
        Q(nom__icontains=query) |
        ^^^^^^^^^^^^^^^^^^^^^^^^^
    ...<3 lines>...
        Q(contact_mere__icontains=query) # Nouveau
        ^^^^^^^^^^^^^^^^^^^^^^^^^^^^^^^^^^^^^^^^^^
    ).distinct() # distinct() évite les doublons si une recherche match plusieurs champs
    ^
  File "/home/blackprotocol/.local/lib/python3.14/site-packages/django/db/models/manager.py", line 87, in manager_method
    return getattr(self.get_queryset(), name)(*args, **kwargs)
           ~~~~~~~~~~~~~~~~~~~~~~~~~~~~~~~~~~^^^^^^^^^^^^^^^^^
  File "/home/blackprotocol/.local/lib/python3.14/site-packages/django/db/models/query.py", line 1542, in filter
    return self._filter_or_exclude(False, args, kwargs)
           ~~~~~~~~~~~~~~~~~~~~~~~^^^^^^^^^^^^^^^^^^^^^
  File "/home/blackprotocol/.local/lib/python3.14/site-packages/django/db/models/query.py", line 1560, in _filter_or_exclude
    clone._filter_or_exclude_inplace(negate, args, kwargs)
    ~~~~~~~~~~~~~~~~~~~~~~~~~~~~~~~~^^^^^^^^^^^^^^^^^^^^^^
  File "/home/blackprotocol/.local/lib/python3.14/site-packages/django/db/models/query.py", line 1570, in _filter_or_exclude_inplace
    self._query.add_q(Q(*args, **kwargs))
    ~~~~~~~~~~~~~~~~~^^^^^^^^^^^^^^^^^^^^
  File "/home/blackprotocol/.local/lib/python3.14/site-packages/django/db/models/sql/query.py", line 1676, in add_q
    clause, _ = self._add_q(q_object, can_reuse)
                ~~~~~~~~~~~^^^^^^^^^^^^^^^^^^^^^
  File "/home/blackprotocol/.local/lib/python3.14/site-packages/django/db/models/sql/query.py", line 1708, in _add_q
    child_clause, needed_inner = self.build_filter(
                                 ~~~~~~~~~~~~~~~~~^
        child,
        ^^^^^^
    ...<7 lines>...
        update_join_types=update_join_types,
        ^^^^^^^^^^^^^^^^^^^^^^^^^^^^^^^^^^^^
    )
    ^
  File "/home/blackprotocol/.local/lib/python3.14/site-packages/django/db/models/sql/query.py", line 1533, in build_filter
    return self._add_q(
           ~~~~~~~~~~~^
        filter_expr,
        ^^^^^^^^^^^^
    ...<7 lines>...
        update_join_types=update_join_types,
        ^^^^^^^^^^^^^^^^^^^^^^^^^^^^^^^^^^^^
    )
    ^
  File "/home/blackprotocol/.local/lib/python3.14/site-packages/django/db/models/sql/query.py", line 1708, in _add_q
    child_clause, needed_inner = self.build_filter(
                                 ~~~~~~~~~~~~~~~~~^
        child,
        ^^^^^^
    ...<7 lines>...
        update_join_types=update_join_types,
        ^^^^^^^^^^^^^^^^^^^^^^^^^^^^^^^^^^^^
    )
    ^
  File "/home/blackprotocol/.local/lib/python3.14/site-packages/django/db/models/sql/query.py", line 1556, in build_filter
    lookups, parts, reffed_expression = self.solve_lookup_type(arg, summarize)
                                        ~~~~~~~~~~~~~~~~~~~~~~^^^^^^^^^^^^^^^^
  File "/home/blackprotocol/.local/lib/python3.14/site-packages/django/db/models/sql/query.py", line 1363, in solve_lookup_type
    _, field, _, lookup_parts = self.names_to_path(lookup_splitted, self.get_meta())
                                ~~~~~~~~~~~~~~~~~~^^^^^^^^^^^^^^^^^^^^^^^^^^^^^^^^^^
  File "/home/blackprotocol/.local/lib/python3.14/site-packages/django/db/models/sql/query.py", line 1842, in names_to_path
    raise FieldError(
    ...<2 lines>...
    )
django.core.exceptions.FieldError: Cannot resolve keyword 'nom_mere' into field. Choices are: code, date_naissance, echantillons_enfant, fosa, fosa_id, id, mere, mere_id, nom, poids, porte_entree, porte_entree_id, prenom, sexe
"GET /recherche-patient/?q=dnfj HTTP/1.1" 500 138758
Internal Server Error: /recherche-patient/
Traceback (most recent call last):
  File "/home/blackprotocol/.local/lib/python3.14/site-packages/django/core/handlers/exception.py", line 55, in inner
    response = get_response(request)
  File "/home/blackprotocol/.local/lib/python3.14/site-packages/django/core/handlers/base.py", line 198, in _get_response
    response = wrapped_callback(request, *callback_args, **callback_kwargs)
  File "/run/media/blackprotocol/D8707BBA707B9E461/mes Projets/GenesisLab/circb_projet/circb_app/views.py", line 979, in recherche_patient
    patients = Patient.objects.filter(
               ~~~~~~~~~~~~~~~~~~~~~~^
        Q(nom__icontains=query) |
        ^^^^^^^^^^^^^^^^^^^^^^^^^
    ...<3 lines>...
        Q(contact_mere__icontains=query) # Nouveau
        ^^^^^^^^^^^^^^^^^^^^^^^^^^^^^^^^^^^^^^^^^^
    ).distinct() # distinct() évite les doublons si une recherche match plusieurs champs
    ^
  File "/home/blackprotocol/.local/lib/python3.14/site-packages/django/db/models/manager.py", line 87, in manager_method
    return getattr(self.get_queryset(), name)(*args, **kwargs)
           ~~~~~~~~~~~~~~~~~~~~~~~~~~~~~~~~~~^^^^^^^^^^^^^^^^^
  File "/home/blackprotocol/.local/lib/python3.14/site-packages/django/db/models/query.py", line 1542, in filter
    return self._filter_or_exclude(False, args, kwargs)
           ~~~~~~~~~~~~~~~~~~~~~~~^^^^^^^^^^^^^^^^^^^^^
  File "/home/blackprotocol/.local/lib/python3.14/site-packages/django/db/models/query.py", line 1560, in _filter_or_exclude
    clone._filter_or_exclude_inplace(negate, args, kwargs)
    ~~~~~~~~~~~~~~~~~~~~~~~~~~~~~~~~^^^^^^^^^^^^^^^^^^^^^^
  File "/home/blackprotocol/.local/lib/python3.14/site-packages/django/db/models/query.py", line 1570, in _filter_or_exclude_inplace
    self._query.add_q(Q(*args, **kwargs))
    ~~~~~~~~~~~~~~~~~^^^^^^^^^^^^^^^^^^^^
  File "/home/blackprotocol/.local/lib/python3.14/site-packages/django/db/models/sql/query.py", line 1676, in add_q
    clause, _ = self._add_q(q_object, can_reuse)
                ~~~~~~~~~~~^^^^^^^^^^^^^^^^^^^^^
  File "/home/blackprotocol/.local/lib/python3.14/site-packages/django/db/models/sql/query.py", line 1708, in _add_q
    child_clause, needed_inner = self.build_filter(
                                 ~~~~~~~~~~~~~~~~~^
        child,
        ^^^^^^
    ...<7 lines>...
        update_join_types=update_join_types,
        ^^^^^^^^^^^^^^^^^^^^^^^^^^^^^^^^^^^^
    )
    ^
  File "/home/blackprotocol/.local/lib/python3.14/site-packages/django/db/models/sql/query.py", line 1533, in build_filter
    return self._add_q(
           ~~~~~~~~~~~^
        filter_expr,
        ^^^^^^^^^^^^
    ...<7 lines>...
        update_join_types=update_join_types,
        ^^^^^^^^^^^^^^^^^^^^^^^^^^^^^^^^^^^^
    )
    ^
  File "/home/blackprotocol/.local/lib/python3.14/site-packages/django/db/models/sql/query.py", line 1708, in _add_q
    child_clause, needed_inner = self.build_filter(
                                 ~~~~~~~~~~~~~~~~~^
        child,
        ^^^^^^
    ...<7 lines>...
        update_join_types=update_join_types,
        ^^^^^^^^^^^^^^^^^^^^^^^^^^^^^^^^^^^^
    )
    ^
  File "/home/blackprotocol/.local/lib/python3.14/site-packages/django/db/models/sql/query.py", line 1556, in build_filter
    lookups, parts, reffed_expression = self.solve_lookup_type(arg, summarize)
                                        ~~~~~~~~~~~~~~~~~~~~~~^^^^^^^^^^^^^^^^
  File "/home/blackprotocol/.local/lib/python3.14/site-packages/django/db/models/sql/query.py", line 1363, in solve_lookup_type
    _, field, _, lookup_parts = self.names_to_path(lookup_splitted, self.get_meta())
                                ~~~~~~~~~~~~~~~~~~^^^^^^^^^^^^^^^^^^^^^^^^^^^^^^^^^^
  File "/home/blackprotocol/.local/lib/python3.14/site-packages/django/db/models/sql/query.py", line 1842, in names_to_path
    raise FieldError(
    ...<2 lines>...
    )
django.core.exceptions.FieldError: Cannot resolve keyword 'nom_mere' into field. Choices are: code, date_naissance, echantillons_enfant, fosa, fosa_id, id, mere, mere_id, nom, poids, porte_entree, porte_entree_id, prenom, sexe
"GET /recherche-patient/?q=nja HTTP/1.1" 500 138698
Internal Server Error: /recherche-patient/
Traceback (most recent call last):
  File "/home/blackprotocol/.local/lib/python3.14/site-packages/django/core/handlers/exception.py", line 55, in inner
    response = get_response(request)
  File "/home/blackprotocol/.local/lib/python3.14/site-packages/django/core/handlers/base.py", line 198, in _get_response
    response = wrapped_callback(request, *callback_args, **callback_kwargs)
  File "/run/media/blackprotocol/D8707BBA707B9E461/mes Projets/GenesisLab/circb_projet/circb_app/views.py", line 979, in recherche_patient
    patients = Patient.objects.filter(
               ~~~~~~~~~~~~~~~~~~~~~~^
        Q(nom__icontains=query) |
        ^^^^^^^^^^^^^^^^^^^^^^^^^
    ...<3 lines>...
        Q(contact_mere__icontains=query) # Nouveau
        ^^^^^^^^^^^^^^^^^^^^^^^^^^^^^^^^^^^^^^^^^^
    ).distinct() # distinct() évite les doublons si une recherche match plusieurs champs
    ^
  File "/home/blackprotocol/.local/lib/python3.14/site-packages/django/db/models/manager.py", line 87, in manager_method
    return getattr(self.get_queryset(), name)(*args, **kwargs)
           ~~~~~~~~~~~~~~~~~~~~~~~~~~~~~~~~~~^^^^^^^^^^^^^^^^^
  File "/home/blackprotocol/.local/lib/python3.14/site-packages/django/db/models/query.py", line 1542, in filter
    return self._filter_or_exclude(False, args, kwargs)
           ~~~~~~~~~~~~~~~~~~~~~~~^^^^^^^^^^^^^^^^^^^^^
  File "/home/blackprotocol/.local/lib/python3.14/site-packages/django/db/models/query.py", line 1560, in _filter_or_exclude
    clone._filter_or_exclude_inplace(negate, args, kwargs)
    ~~~~~~~~~~~~~~~~~~~~~~~~~~~~~~~~^^^^^^^^^^^^^^^^^^^^^^
  File "/home/blackprotocol/.local/lib/python3.14/site-packages/django/db/models/query.py", line 1570, in _filter_or_exclude_inplace
    self._query.add_q(Q(*args, **kwargs))
    ~~~~~~~~~~~~~~~~~^^^^^^^^^^^^^^^^^^^^
  File "/home/blackprotocol/.local/lib/python3.14/site-packages/django/db/models/sql/query.py", line 1676, in add_q
    clause, _ = self._add_q(q_object, can_reuse)
                ~~~~~~~~~~~^^^^^^^^^^^^^^^^^^^^^
  File "/home/blackprotocol/.local/lib/python3.14/site-packages/django/db/models/sql/query.py", line 1708, in _add_q
    child_clause, needed_inner = self.build_filter(
                                 ~~~~~~~~~~~~~~~~~^
        child,
        ^^^^^^
    ...<7 lines>...
        update_join_types=update_join_types,
        ^^^^^^^^^^^^^^^^^^^^^^^^^^^^^^^^^^^^
    )
    ^
  File "/home/blackprotocol/.local/lib/python3.14/site-packages/django/db/models/sql/query.py", line 1533, in build_filter
    return self._add_q(
           ~~~~~~~~~~~^
        filter_expr,
        ^^^^^^^^^^^^
    ...<7 lines>...
        update_join_types=update_join_types,
        ^^^^^^^^^^^^^^^^^^^^^^^^^^^^^^^^^^^^
    )
    ^
  File "/home/blackprotocol/.local/lib/python3.14/site-packages/django/db/models/sql/query.py", line 1708, in _add_q
    child_clause, needed_inner = self.build_filter(
                                 ~~~~~~~~~~~~~~~~~^
        child,
        ^^^^^^
    ...<7 lines>...
        update_join_types=update_join_types,
        ^^^^^^^^^^^^^^^^^^^^^^^^^^^^^^^^^^^^
    )
    ^
  File "/home/blackprotocol/.local/lib/python3.14/site-packages/django/db/models/sql/query.py", line 1556, in build_filter
    lookups, parts, reffed_expression = self.solve_lookup_type(arg, summarize)
                                        ~~~~~~~~~~~~~~~~~~~~~~^^^^^^^^^^^^^^^^
  File "/home/blackprotocol/.local/lib/python3.14/site-packages/django/db/models/sql/query.py", line 1363, in solve_lookup_type
    _, field, _, lookup_parts = self.names_to_path(lookup_splitted, self.get_meta())
                                ~~~~~~~~~~~~~~~~~~^^^^^^^^^^^^^^^^^^^^^^^^^^^^^^^^^^
  File "/home/blackprotocol/.local/lib/python3.14/site-packages/django/db/models/sql/query.py", line 1842, in names_to_path
    raise FieldError(
    ...<2 lines>...
    )
django.core.exceptions.FieldError: Cannot resolve keyword 'nom_mere' into field. Choices are: code, date_naissance, echantillons_enfant, fosa, fosa_id, id, mere, mere_id, nom, poids, porte_entree, porte_entree_id, prenom, sexe
"GET /recherche-patient/?q=njaa HTTP/1.1" 500 138758
Internal Server Error: /recherche-patient/
Traceback (most recent call last):
  File "/home/blackprotocol/.local/lib/python3.14/site-packages/django/core/handlers/exception.py", line 55, in inner
    response = get_response(request)
  File "/home/blackprotocol/.local/lib/python3.14/site-packages/django/core/handlers/base.py", line 198, in _get_response
    response = wrapped_callback(request, *callback_args, **callback_kwargs)
  File "/run/media/blackprotocol/D8707BBA707B9E461/mes Projets/GenesisLab/circb_projet/circb_app/views.py", line 979, in recherche_patient
    patients = Patient.objects.filter(
               ~~~~~~~~~~~~~~~~~~~~~~^
        Q(nom__icontains=query) |
        ^^^^^^^^^^^^^^^^^^^^^^^^^
    ...<3 lines>...
        Q(contact_mere__icontains=query) # Nouveau
        ^^^^^^^^^^^^^^^^^^^^^^^^^^^^^^^^^^^^^^^^^^
    ).distinct() # distinct() évite les doublons si une recherche match plusieurs champs
    ^
  File "/home/blackprotocol/.local/lib/python3.14/site-packages/django/db/models/manager.py", line 87, in manager_method
    return getattr(self.get_queryset(), name)(*args, **kwargs)
           ~~~~~~~~~~~~~~~~~~~~~~~~~~~~~~~~~~^^^^^^^^^^^^^^^^^
  File "/home/blackprotocol/.local/lib/python3.14/site-packages/django/db/models/query.py", line 1542, in filter
    return self._filter_or_exclude(False, args, kwargs)
           ~~~~~~~~~~~~~~~~~~~~~~~^^^^^^^^^^^^^^^^^^^^^
  File "/home/blackprotocol/.local/lib/python3.14/site-packages/django/db/models/query.py", line 1560, in _filter_or_exclude
    clone._filter_or_exclude_inplace(negate, args, kwargs)
    ~~~~~~~~~~~~~~~~~~~~~~~~~~~~~~~~^^^^^^^^^^^^^^^^^^^^^^
  File "/home/blackprotocol/.local/lib/python3.14/site-packages/django/db/models/query.py", line 1570, in _filter_or_exclude_inplace
    self._query.add_q(Q(*args, **kwargs))
    ~~~~~~~~~~~~~~~~~^^^^^^^^^^^^^^^^^^^^
  File "/home/blackprotocol/.local/lib/python3.14/site-packages/django/db/models/sql/query.py", line 1676, in add_q
    clause, _ = self._add_q(q_object, can_reuse)
                ~~~~~~~~~~~^^^^^^^^^^^^^^^^^^^^^
  File "/home/blackprotocol/.local/lib/python3.14/site-packages/django/db/models/sql/query.py", line 1708, in _add_q
    child_clause, needed_inner = self.build_filter(
                                 ~~~~~~~~~~~~~~~~~^
        child,
        ^^^^^^
    ...<7 lines>...
        update_join_types=update_join_types,
        ^^^^^^^^^^^^^^^^^^^^^^^^^^^^^^^^^^^^
    )
    ^
  File "/home/blackprotocol/.local/lib/python3.14/site-packages/django/db/models/sql/query.py", line 1533, in build_filter
    return self._add_q(
           ~~~~~~~~~~~^
        filter_expr,
        ^^^^^^^^^^^^
    ...<7 lines>...
        update_join_types=update_join_types,
        ^^^^^^^^^^^^^^^^^^^^^^^^^^^^^^^^^^^^
    )
    ^
  File "/home/blackprotocol/.local/lib/python3.14/site-packages/django/db/models/sql/query.py", line 1708, in _add_q
    child_clause, needed_inner = self.build_filter(
                                 ~~~~~~~~~~~~~~~~~^
        child,
        ^^^^^^
    ...<7 lines>...
        update_join_types=update_join_types,
        ^^^^^^^^^^^^^^^^^^^^^^^^^^^^^^^^^^^^
    )
    ^
  File "/home/blackprotocol/.local/lib/python3.14/site-packages/django/db/models/sql/query.py", line 1556, in build_filter
    lookups, parts, reffed_expression = self.solve_lookup_type(arg, summarize)
                                        ~~~~~~~~~~~~~~~~~~~~~~^^^^^^^^^^^^^^^^
  File "/home/blackprotocol/.local/lib/python3.14/site-packages/django/db/models/sql/query.py", line 1363, in solve_lookup_type
    _, field, _, lookup_parts = self.names_to_path(lookup_splitted, self.get_meta())
                                ~~~~~~~~~~~~~~~~~~^^^^^^^^^^^^^^^^^^^^^^^^^^^^^^^^^^
  File "/home/blackprotocol/.local/lib/python3.14/site-packages/django/db/models/sql/query.py", line 1842, in names_to_path
    raise FieldError(
    ...<2 lines>...
    )
django.core.exceptions.FieldError: Cannot resolve keyword 'nom_mere' into field. Choices are: code, date_naissance, echantillons_enfant, fosa, fosa_id, id, mere, mere_id, nom, poids, porte_entree, porte_entree_id, prenom, sexe
"GET /recherche-patient/?q=nja HTTP/1.1" 500 138698
Internal Server Error: /recherche-patient/
Traceback (most recent call last):
  File "/home/blackprotocol/.local/lib/python3.14/site-packages/django/core/handlers/exception.py", line 55, in inner
    response = get_response(request)
  File "/home/blackprotocol/.local/lib/python3.14/site-packages/django/core/handlers/base.py", line 198, in _get_response
    response = wrapped_callback(request, *callback_args, **callback_kwargs)
  File "/run/media/blackprotocol/D8707BBA707B9E461/mes Projets/GenesisLab/circb_projet/circb_app/views.py", line 979, in recherche_patient
    patients = Patient.objects.filter(
               ~~~~~~~~~~~~~~~~~~~~~~^
        Q(nom__icontains=query) |
        ^^^^^^^^^^^^^^^^^^^^^^^^^
    ...<3 lines>...
        Q(contact_mere__icontains=query) # Nouveau
        ^^^^^^^^^^^^^^^^^^^^^^^^^^^^^^^^^^^^^^^^^^
    ).distinct() # distinct() évite les doublons si une recherche match plusieurs champs
    ^
  File "/home/blackprotocol/.local/lib/python3.14/site-packages/django/db/models/manager.py", line 87, in manager_method
    return getattr(self.get_queryset(), name)(*args, **kwargs)
           ~~~~~~~~~~~~~~~~~~~~~~~~~~~~~~~~~~^^^^^^^^^^^^^^^^^
  File "/home/blackprotocol/.local/lib/python3.14/site-packages/django/db/models/query.py", line 1542, in filter
    return self._filter_or_exclude(False, args, kwargs)
           ~~~~~~~~~~~~~~~~~~~~~~~^^^^^^^^^^^^^^^^^^^^^
  File "/home/blackprotocol/.local/lib/python3.14/site-packages/django/db/models/query.py", line 1560, in _filter_or_exclude
    clone._filter_or_exclude_inplace(negate, args, kwargs)
    ~~~~~~~~~~~~~~~~~~~~~~~~~~~~~~~~^^^^^^^^^^^^^^^^^^^^^^
  File "/home/blackprotocol/.local/lib/python3.14/site-packages/django/db/models/query.py", line 1570, in _filter_or_exclude_inplace
    self._query.add_q(Q(*args, **kwargs))
    ~~~~~~~~~~~~~~~~~^^^^^^^^^^^^^^^^^^^^
  File "/home/blackprotocol/.local/lib/python3.14/site-packages/django/db/models/sql/query.py", line 1676, in add_q
    clause, _ = self._add_q(q_object, can_reuse)
                ~~~~~~~~~~~^^^^^^^^^^^^^^^^^^^^^
  File "/home/blackprotocol/.local/lib/python3.14/site-packages/django/db/models/sql/query.py", line 1708, in _add_q
    child_clause, needed_inner = self.build_filter(
                                 ~~~~~~~~~~~~~~~~~^
        child,
        ^^^^^^
    ...<7 lines>...
        update_join_types=update_join_types,
        ^^^^^^^^^^^^^^^^^^^^^^^^^^^^^^^^^^^^
    )
    ^
  File "/home/blackprotocol/.local/lib/python3.14/site-packages/django/db/models/sql/query.py", line 1533, in build_filter
    return self._add_q(
           ~~~~~~~~~~~^
        filter_expr,
        ^^^^^^^^^^^^
    ...<7 lines>...
        update_join_types=update_join_types,
        ^^^^^^^^^^^^^^^^^^^^^^^^^^^^^^^^^^^^
    )
    ^
  File "/home/blackprotocol/.local/lib/python3.14/site-packages/django/db/models/sql/query.py", line 1708, in _add_q
    child_clause, needed_inner = self.build_filter(
                                 ~~~~~~~~~~~~~~~~~^
        child,
        ^^^^^^
    ...<7 lines>...
        update_join_types=update_join_types,
        ^^^^^^^^^^^^^^^^^^^^^^^^^^^^^^^^^^^^
    )
    ^
  File "/home/blackprotocol/.local/lib/python3.14/site-packages/django/db/models/sql/query.py", line 1556, in build_filter
    lookups, parts, reffed_expression = self.solve_lookup_type(arg, summarize)
                                        ~~~~~~~~~~~~~~~~~~~~~~^^^^^^^^^^^^^^^^
  File "/home/blackprotocol/.local/lib/python3.14/site-packages/django/db/models/sql/query.py", line 1363, in solve_lookup_type
    _, field, _, lookup_parts = self.names_to_path(lookup_splitted, self.get_meta())
                                ~~~~~~~~~~~~~~~~~~^^^^^^^^^^^^^^^^^^^^^^^^^^^^^^^^^^
  File "/home/blackprotocol/.local/lib/python3.14/site-packages/django/db/models/sql/query.py", line 1842, in names_to_path
    raise FieldError(
    ...<2 lines>...
    )
django.core.exceptions.FieldError: Cannot resolve keyword 'nom_mere' into field. Choices are: code, date_naissance, echantillons_enfant, fosa, fosa_id, id, mere, mere_id, nom, poids, porte_entree, porte_entree_id, prenom, sexe
"GET /recherche-patient/?q=njan HTTP/1.1" 500 138758
Internal Server Error: /recherche-patient/
Traceback (most recent call last):
  File "/home/blackprotocol/.local/lib/python3.14/site-packages/django/core/handlers/exception.py", line 55, in inner
    response = get_response(request)
  File "/home/blackprotocol/.local/lib/python3.14/site-packages/django/core/handlers/base.py", line 198, in _get_response
    response = wrapped_callback(request, *callback_args, **callback_kwargs)
  File "/run/media/blackprotocol/D8707BBA707B9E461/mes Projets/GenesisLab/circb_projet/circb_app/views.py", line 979, in recherche_patient
    patients = Patient.objects.filter(
               ~~~~~~~~~~~~~~~~~~~~~~^
        Q(nom__icontains=query) |
        ^^^^^^^^^^^^^^^^^^^^^^^^^
    ...<3 lines>...
        Q(contact_mere__icontains=query) # Nouveau
        ^^^^^^^^^^^^^^^^^^^^^^^^^^^^^^^^^^^^^^^^^^
    ).distinct() # distinct() évite les doublons si une recherche match plusieurs champs
    ^
  File "/home/blackprotocol/.local/lib/python3.14/site-packages/django/db/models/manager.py", line 87, in manager_method
    return getattr(self.get_queryset(), name)(*args, **kwargs)
           ~~~~~~~~~~~~~~~~~~~~~~~~~~~~~~~~~~^^^^^^^^^^^^^^^^^
  File "/home/blackprotocol/.local/lib/python3.14/site-packages/django/db/models/query.py", line 1542, in filter
    return self._filter_or_exclude(False, args, kwargs)
           ~~~~~~~~~~~~~~~~~~~~~~~^^^^^^^^^^^^^^^^^^^^^
  File "/home/blackprotocol/.local/lib/python3.14/site-packages/django/db/models/query.py", line 1560, in _filter_or_exclude
    clone._filter_or_exclude_inplace(negate, args, kwargs)
    ~~~~~~~~~~~~~~~~~~~~~~~~~~~~~~~~^^^^^^^^^^^^^^^^^^^^^^
  File "/home/blackprotocol/.local/lib/python3.14/site-packages/django/db/models/query.py", line 1570, in _filter_or_exclude_inplace
    self._query.add_q(Q(*args, **kwargs))
    ~~~~~~~~~~~~~~~~~^^^^^^^^^^^^^^^^^^^^
  File "/home/blackprotocol/.local/lib/python3.14/site-packages/django/db/models/sql/query.py", line 1676, in add_q
    clause, _ = self._add_q(q_object, can_reuse)
                ~~~~~~~~~~~^^^^^^^^^^^^^^^^^^^^^
  File "/home/blackprotocol/.local/lib/python3.14/site-packages/django/db/models/sql/query.py", line 1708, in _add_q
    child_clause, needed_inner = self.build_filter(
                                 ~~~~~~~~~~~~~~~~~^
        child,
        ^^^^^^
    ...<7 lines>...
        update_join_types=update_join_types,
        ^^^^^^^^^^^^^^^^^^^^^^^^^^^^^^^^^^^^
    )
    ^
  File "/home/blackprotocol/.local/lib/python3.14/site-packages/django/db/models/sql/query.py", line 1533, in build_filter
    return self._add_q(
           ~~~~~~~~~~~^
        filter_expr,
        ^^^^^^^^^^^^
    ...<7 lines>...
        update_join_types=update_join_types,
        ^^^^^^^^^^^^^^^^^^^^^^^^^^^^^^^^^^^^
    )
    ^
  File "/home/blackprotocol/.local/lib/python3.14/site-packages/django/db/models/sql/query.py", line 1708, in _add_q
    child_clause, needed_inner = self.build_filter(
                                 ~~~~~~~~~~~~~~~~~^
        child,
        ^^^^^^
    ...<7 lines>...
        update_join_types=update_join_types,
        ^^^^^^^^^^^^^^^^^^^^^^^^^^^^^^^^^^^^
    )
    ^
  File "/home/blackprotocol/.local/lib/python3.14/site-packages/django/db/models/sql/query.py", line 1556, in build_filter
    lookups, parts, reffed_expression = self.solve_lookup_type(arg, summarize)
                                        ~~~~~~~~~~~~~~~~~~~~~~^^^^^^^^^^^^^^^^
  File "/home/blackprotocol/.local/lib/python3.14/site-packages/django/db/models/sql/query.py", line 1363, in solve_lookup_type
    _, field, _, lookup_parts = self.names_to_path(lookup_splitted, self.get_meta())
                                ~~~~~~~~~~~~~~~~~~^^^^^^^^^^^^^^^^^^^^^^^^^^^^^^^^^^
  File "/home/blackprotocol/.local/lib/python3.14/site-packages/django/db/models/sql/query.py", line 1842, in names_to_path
    raise FieldError(
    ...<2 lines>...
    )
django.core.exceptions.FieldError: Cannot resolve keyword 'nom_mere' into field. Choices are: code, date_naissance, echantillons_enfant, fosa, fosa_id, id, mere, mere_id, nom, poids, porte_entree, porte_entree_id, prenom, sexe
"GET /recherche-patient/?q=njankouo HTTP/1.1" 500 138998
Internal Server Error: /recherche-patient/
Traceback (most recent call last):
  File "/home/blackprotocol/.local/lib/python3.14/site-packages/django/core/handlers/exception.py", line 55, in inner
    response = get_response(request)
  File "/home/blackprotocol/.local/lib/python3.14/site-packages/django/core/handlers/base.py", line 198, in _get_response
    response = wrapped_callback(request, *callback_args, **callback_kwargs)
  File "/run/media/blackprotocol/D8707BBA707B9E461/mes Projets/GenesisLab/circb_projet/circb_app/views.py", line 977, in recherche_patient
    patients = Patient.objects.filter(
               ~~~~~~~~~~~~~~~~~~~~~~^
        Q(nom__icontains=query) |
        ^^^^^^^^^^^^^^^^^^^^^^^^^
    ...<3 lines>...
        Q(mere__contact__icontains=query)  # Suit la relation 'mere' vers son champ 'telephone'
        ^^^^^^^^^^^^^^^^^^^^^^^^^^^^^^^^^^^^^^^^^^^^^^^^^^^^^^^^^^^^^^^^^^^^^^^^^^^^^^^^^^^^^^^
    ).distinct()
    ^
  File "/home/blackprotocol/.local/lib/python3.14/site-packages/django/db/models/manager.py", line 87, in manager_method
    return getattr(self.get_queryset(), name)(*args, **kwargs)
           ~~~~~~~~~~~~~~~~~~~~~~~~~~~~~~~~~~^^^^^^^^^^^^^^^^^
  File "/home/blackprotocol/.local/lib/python3.14/site-packages/django/db/models/query.py", line 1542, in filter
    return self._filter_or_exclude(False, args, kwargs)
           ~~~~~~~~~~~~~~~~~~~~~~~^^^^^^^^^^^^^^^^^^^^^
  File "/home/blackprotocol/.local/lib/python3.14/site-packages/django/db/models/query.py", line 1560, in _filter_or_exclude
    clone._filter_or_exclude_inplace(negate, args, kwargs)
    ~~~~~~~~~~~~~~~~~~~~~~~~~~~~~~~~^^^^^^^^^^^^^^^^^^^^^^
  File "/home/blackprotocol/.local/lib/python3.14/site-packages/django/db/models/query.py", line 1570, in _filter_or_exclude_inplace
    self._query.add_q(Q(*args, **kwargs))
    ~~~~~~~~~~~~~~~~~^^^^^^^^^^^^^^^^^^^^
  File "/home/blackprotocol/.local/lib/python3.14/site-packages/django/db/models/sql/query.py", line 1676, in add_q
    clause, _ = self._add_q(q_object, can_reuse)
                ~~~~~~~~~~~^^^^^^^^^^^^^^^^^^^^^
  File "/home/blackprotocol/.local/lib/python3.14/site-packages/django/db/models/sql/query.py", line 1708, in _add_q
    child_clause, needed_inner = self.build_filter(
                                 ~~~~~~~~~~~~~~~~~^
        child,
        ^^^^^^
    ...<7 lines>...
        update_join_types=update_join_types,
        ^^^^^^^^^^^^^^^^^^^^^^^^^^^^^^^^^^^^
    )
    ^
  File "/home/blackprotocol/.local/lib/python3.14/site-packages/django/db/models/sql/query.py", line 1533, in build_filter
    return self._add_q(
           ~~~~~~~~~~~^
        filter_expr,
        ^^^^^^^^^^^^
    ...<7 lines>...
        update_join_types=update_join_types,
        ^^^^^^^^^^^^^^^^^^^^^^^^^^^^^^^^^^^^
    )
    ^
  File "/home/blackprotocol/.local/lib/python3.14/site-packages/django/db/models/sql/query.py", line 1708, in _add_q
    child_clause, needed_inner = self.build_filter(
                                 ~~~~~~~~~~~~~~~~~^
        child,
        ^^^^^^
    ...<7 lines>...
        update_join_types=update_join_types,
        ^^^^^^^^^^^^^^^^^^^^^^^^^^^^^^^^^^^^
    )
    ^
  File "/home/blackprotocol/.local/lib/python3.14/site-packages/django/db/models/sql/query.py", line 1618, in build_filter
    condition = self.build_lookup(lookups, col, value)
  File "/home/blackprotocol/.local/lib/python3.14/site-packages/django/db/models/sql/query.py", line 1439, in build_lookup
    lhs = self.try_transform(lhs, lookup_name)
  File "/home/blackprotocol/.local/lib/python3.14/site-packages/django/db/models/sql/query.py", line 1488, in try_transform
    raise FieldError(
    ...<2 lines>...
    )
django.core.exceptions.FieldError: Unsupported lookup 'icontains' for ForeignKey or join on the field not permitted.
"GET /recherche-patient/?q=njankou HTTP/1.1" 500 141004
Internal Server Error: /recherche-patient/
Traceback (most recent call last):
  File "/home/blackprotocol/.local/lib/python3.14/site-packages/django/core/handlers/exception.py", line 55, in inner
    response = get_response(request)
  File "/home/blackprotocol/.local/lib/python3.14/site-packages/django/core/handlers/base.py", line 198, in _get_response
    response = wrapped_callback(request, *callback_args, **callback_kwargs)
  File "/run/media/blackprotocol/D8707BBA707B9E461/mes Projets/GenesisLab/circb_projet/circb_app/views.py", line 977, in recherche_patient
    patients = Patient.objects.filter(
               ~~~~~~~~~~~~~~~~~~~~~~^
        Q(nom__icontains=query) |
        ^^^^^^^^^^^^^^^^^^^^^^^^^
    ...<3 lines>...
        Q(mere__contact__icontains=query)  # Suit la relation 'mere' vers son champ 'telephone'
        ^^^^^^^^^^^^^^^^^^^^^^^^^^^^^^^^^^^^^^^^^^^^^^^^^^^^^^^^^^^^^^^^^^^^^^^^^^^^^^^^^^^^^^^
    ).distinct()
    ^
  File "/home/blackprotocol/.local/lib/python3.14/site-packages/django/db/models/manager.py", line 87, in manager_method
    return getattr(self.get_queryset(), name)(*args, **kwargs)
           ~~~~~~~~~~~~~~~~~~~~~~~~~~~~~~~~~~^^^^^^^^^^^^^^^^^
  File "/home/blackprotocol/.local/lib/python3.14/site-packages/django/db/models/query.py", line 1542, in filter
    return self._filter_or_exclude(False, args, kwargs)
           ~~~~~~~~~~~~~~~~~~~~~~~^^^^^^^^^^^^^^^^^^^^^
  File "/home/blackprotocol/.local/lib/python3.14/site-packages/django/db/models/query.py", line 1560, in _filter_or_exclude
    clone._filter_or_exclude_inplace(negate, args, kwargs)
    ~~~~~~~~~~~~~~~~~~~~~~~~~~~~~~~~^^^^^^^^^^^^^^^^^^^^^^
  File "/home/blackprotocol/.local/lib/python3.14/site-packages/django/db/models/query.py", line 1570, in _filter_or_exclude_inplace
    self._query.add_q(Q(*args, **kwargs))
    ~~~~~~~~~~~~~~~~~^^^^^^^^^^^^^^^^^^^^
  File "/home/blackprotocol/.local/lib/python3.14/site-packages/django/db/models/sql/query.py", line 1676, in add_q
    clause, _ = self._add_q(q_object, can_reuse)
                ~~~~~~~~~~~^^^^^^^^^^^^^^^^^^^^^
  File "/home/blackprotocol/.local/lib/python3.14/site-packages/django/db/models/sql/query.py", line 1708, in _add_q
    child_clause, needed_inner = self.build_filter(
                                 ~~~~~~~~~~~~~~~~~^
        child,
        ^^^^^^
    ...<7 lines>...
        update_join_types=update_join_types,
        ^^^^^^^^^^^^^^^^^^^^^^^^^^^^^^^^^^^^
    )
    ^
  File "/home/blackprotocol/.local/lib/python3.14/site-packages/django/db/models/sql/query.py", line 1533, in build_filter
    return self._add_q(
           ~~~~~~~~~~~^
        filter_expr,
        ^^^^^^^^^^^^
    ...<7 lines>...
        update_join_types=update_join_types,
        ^^^^^^^^^^^^^^^^^^^^^^^^^^^^^^^^^^^^
    )
    ^
  File "/home/blackprotocol/.local/lib/python3.14/site-packages/django/db/models/sql/query.py", line 1708, in _add_q
    child_clause, needed_inner = self.build_filter(
                                 ~~~~~~~~~~~~~~~~~^
        child,
        ^^^^^^
    ...<7 lines>...
        update_join_types=update_join_types,
        ^^^^^^^^^^^^^^^^^^^^^^^^^^^^^^^^^^^^
    )
    ^
  File "/home/blackprotocol/.local/lib/python3.14/site-packages/django/db/models/sql/query.py", line 1618, in build_filter
    condition = self.build_lookup(lookups, col, value)
  File "/home/blackprotocol/.local/lib/python3.14/site-packages/django/db/models/sql/query.py", line 1439, in build_lookup
    lhs = self.try_transform(lhs, lookup_name)
  File "/home/blackprotocol/.local/lib/python3.14/site-packages/django/db/models/sql/query.py", line 1488, in try_transform
    raise FieldError(
    ...<2 lines>...
    )
django.core.exceptions.FieldError: Unsupported lookup 'icontains' for ForeignKey or join on the field not permitted.
"GET /recherche-patient/?q=njankouo HTTP/1.1" 500 141066
Internal Server Error: /recherche-patient/
Traceback (most recent call last):
  File "/home/blackprotocol/.local/lib/python3.14/site-packages/django/core/handlers/exception.py", line 55, in inner
    response = get_response(request)
  File "/home/blackprotocol/.local/lib/python3.14/site-packages/django/core/handlers/base.py", line 198, in _get_response
    response = wrapped_callback(request, *callback_args, **callback_kwargs)
  File "/run/media/blackprotocol/D8707BBA707B9E461/mes Projets/GenesisLab/circb_projet/circb_app/views.py", line 977, in recherche_patient
    patients = Patient.objects.filter(
               ~~~~~~~~~~~~~~~~~~~~~~^
        Q(nom__icontains=query) |
        ^^^^^^^^^^^^^^^^^^^^^^^^^
    ...<3 lines>...
        Q(mere__contact__icontains=query)  # Suit la relation 'mere' vers son champ 'telephone'
        ^^^^^^^^^^^^^^^^^^^^^^^^^^^^^^^^^^^^^^^^^^^^^^^^^^^^^^^^^^^^^^^^^^^^^^^^^^^^^^^^^^^^^^^
    ).distinct()
    ^
  File "/home/blackprotocol/.local/lib/python3.14/site-packages/django/db/models/manager.py", line 87, in manager_method
    return getattr(self.get_queryset(), name)(*args, **kwargs)
           ~~~~~~~~~~~~~~~~~~~~~~~~~~~~~~~~~~^^^^^^^^^^^^^^^^^
  File "/home/blackprotocol/.local/lib/python3.14/site-packages/django/db/models/query.py", line 1542, in filter
    return self._filter_or_exclude(False, args, kwargs)
           ~~~~~~~~~~~~~~~~~~~~~~~^^^^^^^^^^^^^^^^^^^^^
  File "/home/blackprotocol/.local/lib/python3.14/site-packages/django/db/models/query.py", line 1560, in _filter_or_exclude
    clone._filter_or_exclude_inplace(negate, args, kwargs)
    ~~~~~~~~~~~~~~~~~~~~~~~~~~~~~~~~^^^^^^^^^^^^^^^^^^^^^^
  File "/home/blackprotocol/.local/lib/python3.14/site-packages/django/db/models/query.py", line 1570, in _filter_or_exclude_inplace
    self._query.add_q(Q(*args, **kwargs))
    ~~~~~~~~~~~~~~~~~^^^^^^^^^^^^^^^^^^^^
  File "/home/blackprotocol/.local/lib/python3.14/site-packages/django/db/models/sql/query.py", line 1676, in add_q
    clause, _ = self._add_q(q_object, can_reuse)
                ~~~~~~~~~~~^^^^^^^^^^^^^^^^^^^^^
  File "/home/blackprotocol/.local/lib/python3.14/site-packages/django/db/models/sql/query.py", line 1708, in _add_q
    child_clause, needed_inner = self.build_filter(
                                 ~~~~~~~~~~~~~~~~~^
        child,
        ^^^^^^
    ...<7 lines>...
        update_join_types=update_join_types,
        ^^^^^^^^^^^^^^^^^^^^^^^^^^^^^^^^^^^^
    )
    ^
  File "/home/blackprotocol/.local/lib/python3.14/site-packages/django/db/models/sql/query.py", line 1533, in build_filter
    return self._add_q(
           ~~~~~~~~~~~^
        filter_expr,
        ^^^^^^^^^^^^
    ...<7 lines>...
        update_join_types=update_join_types,
        ^^^^^^^^^^^^^^^^^^^^^^^^^^^^^^^^^^^^
    )
    ^
  File "/home/blackprotocol/.local/lib/python3.14/site-packages/django/db/models/sql/query.py", line 1708, in _add_q
    child_clause, needed_inner = self.build_filter(
                                 ~~~~~~~~~~~~~~~~~^
        child,
        ^^^^^^
    ...<7 lines>...
        update_join_types=update_join_types,
        ^^^^^^^^^^^^^^^^^^^^^^^^^^^^^^^^^^^^
    )
    ^
  File "/home/blackprotocol/.local/lib/python3.14/site-packages/django/db/models/sql/query.py", line 1618, in build_filter
    condition = self.build_lookup(lookups, col, value)
  File "/home/blackprotocol/.local/lib/python3.14/site-packages/django/db/models/sql/query.py", line 1439, in build_lookup
    lhs = self.try_transform(lhs, lookup_name)
  File "/home/blackprotocol/.local/lib/python3.14/site-packages/django/db/models/sql/query.py", line 1488, in try_transform
    raise FieldError(
    ...<2 lines>...
    )
django.core.exceptions.FieldError: Unsupported lookup 'icontains' for ForeignKey or join on the field not permitted.
"GET /recherche-patient/?q=da HTTP/1.1" 500 140694
Internal Server Error: /recherche-patient/
Traceback (most recent call last):
  File "/home/blackprotocol/.local/lib/python3.14/site-packages/django/core/handlers/exception.py", line 55, in inner
    response = get_response(request)
  File "/home/blackprotocol/.local/lib/python3.14/site-packages/django/core/handlers/base.py", line 198, in _get_response
    response = wrapped_callback(request, *callback_args, **callback_kwargs)
  File "/run/media/blackprotocol/D8707BBA707B9E461/mes Projets/GenesisLab/circb_projet/circb_app/views.py", line 977, in recherche_patient
    patients = Patient.objects.filter(
               ~~~~~~~~~~~~~~~~~~~~~~^
        Q(nom__icontains=query) |
        ^^^^^^^^^^^^^^^^^^^^^^^^^
    ...<3 lines>...
        Q(mere__contact__icontains=query)  # Suit la relation 'mere' vers son champ 'telephone'
        ^^^^^^^^^^^^^^^^^^^^^^^^^^^^^^^^^^^^^^^^^^^^^^^^^^^^^^^^^^^^^^^^^^^^^^^^^^^^^^^^^^^^^^^
    ).distinct()
    ^
  File "/home/blackprotocol/.local/lib/python3.14/site-packages/django/db/models/manager.py", line 87, in manager_method
    return getattr(self.get_queryset(), name)(*args, **kwargs)
           ~~~~~~~~~~~~~~~~~~~~~~~~~~~~~~~~~~^^^^^^^^^^^^^^^^^
  File "/home/blackprotocol/.local/lib/python3.14/site-packages/django/db/models/query.py", line 1542, in filter
    return self._filter_or_exclude(False, args, kwargs)
           ~~~~~~~~~~~~~~~~~~~~~~~^^^^^^^^^^^^^^^^^^^^^
  File "/home/blackprotocol/.local/lib/python3.14/site-packages/django/db/models/query.py", line 1560, in _filter_or_exclude
    clone._filter_or_exclude_inplace(negate, args, kwargs)
    ~~~~~~~~~~~~~~~~~~~~~~~~~~~~~~~~^^^^^^^^^^^^^^^^^^^^^^
  File "/home/blackprotocol/.local/lib/python3.14/site-packages/django/db/models/query.py", line 1570, in _filter_or_exclude_inplace
    self._query.add_q(Q(*args, **kwargs))
    ~~~~~~~~~~~~~~~~~^^^^^^^^^^^^^^^^^^^^
  File "/home/blackprotocol/.local/lib/python3.14/site-packages/django/db/models/sql/query.py", line 1676, in add_q
    clause, _ = self._add_q(q_object, can_reuse)
                ~~~~~~~~~~~^^^^^^^^^^^^^^^^^^^^^
  File "/home/blackprotocol/.local/lib/python3.14/site-packages/django/db/models/sql/query.py", line 1708, in _add_q
    child_clause, needed_inner = self.build_filter(
                                 ~~~~~~~~~~~~~~~~~^
        child,
        ^^^^^^
    ...<7 lines>...
        update_join_types=update_join_types,
        ^^^^^^^^^^^^^^^^^^^^^^^^^^^^^^^^^^^^
    )
    ^
  File "/home/blackprotocol/.local/lib/python3.14/site-packages/django/db/models/sql/query.py", line 1533, in build_filter
    return self._add_q(
           ~~~~~~~~~~~^
        filter_expr,
        ^^^^^^^^^^^^
    ...<7 lines>...
        update_join_types=update_join_types,
        ^^^^^^^^^^^^^^^^^^^^^^^^^^^^^^^^^^^^
    )
    ^
  File "/home/blackprotocol/.local/lib/python3.14/site-packages/django/db/models/sql/query.py", line 1708, in _add_q
    child_clause, needed_inner = self.build_filter(
                                 ~~~~~~~~~~~~~~~~~^
        child,
        ^^^^^^
    ...<7 lines>...
        update_join_types=update_join_types,
        ^^^^^^^^^^^^^^^^^^^^^^^^^^^^^^^^^^^^
    )
    ^
  File "/home/blackprotocol/.local/lib/python3.14/site-packages/django/db/models/sql/query.py", line 1618, in build_filter
    condition = self.build_lookup(lookups, col, value)
  File "/home/blackprotocol/.local/lib/python3.14/site-packages/django/db/models/sql/query.py", line 1439, in build_lookup
    lhs = self.try_transform(lhs, lookup_name)
  File "/home/blackprotocol/.local/lib/python3.14/site-packages/django/db/models/sql/query.py", line 1488, in try_transform
    raise FieldError(
    ...<2 lines>...
    )
django.core.exceptions.FieldError: Unsupported lookup 'icontains' for ForeignKey or join on the field not permitted.
"GET /recherche-patient/?q=dai HTTP/1.1" 500 140756
Internal Server Error: /recherche-patient/
Traceback (most recent call last):
  File "/home/blackprotocol/.local/lib/python3.14/site-packages/django/core/handlers/exception.py", line 55, in inner
    response = get_response(request)
  File "/home/blackprotocol/.local/lib/python3.14/site-packages/django/core/handlers/base.py", line 198, in _get_response
    response = wrapped_callback(request, *callback_args, **callback_kwargs)
  File "/run/media/blackprotocol/D8707BBA707B9E461/mes Projets/GenesisLab/circb_projet/circb_app/views.py", line 977, in recherche_patient
    patients = Patient.objects.filter(
               ~~~~~~~~~~~~~~~~~~~~~~^
        Q(nom__icontains=query) |
        ^^^^^^^^^^^^^^^^^^^^^^^^^
    ...<3 lines>...
        Q(mere__contact__icontains=query)  # Suit la relation 'mere' vers son champ 'telephone'
        ^^^^^^^^^^^^^^^^^^^^^^^^^^^^^^^^^^^^^^^^^^^^^^^^^^^^^^^^^^^^^^^^^^^^^^^^^^^^^^^^^^^^^^^
    ).distinct()
    ^
  File "/home/blackprotocol/.local/lib/python3.14/site-packages/django/db/models/manager.py", line 87, in manager_method
    return getattr(self.get_queryset(), name)(*args, **kwargs)
           ~~~~~~~~~~~~~~~~~~~~~~~~~~~~~~~~~~^^^^^^^^^^^^^^^^^
  File "/home/blackprotocol/.local/lib/python3.14/site-packages/django/db/models/query.py", line 1542, in filter
    return self._filter_or_exclude(False, args, kwargs)
           ~~~~~~~~~~~~~~~~~~~~~~~^^^^^^^^^^^^^^^^^^^^^
  File "/home/blackprotocol/.local/lib/python3.14/site-packages/django/db/models/query.py", line 1560, in _filter_or_exclude
    clone._filter_or_exclude_inplace(negate, args, kwargs)
    ~~~~~~~~~~~~~~~~~~~~~~~~~~~~~~~~^^^^^^^^^^^^^^^^^^^^^^
  File "/home/blackprotocol/.local/lib/python3.14/site-packages/django/db/models/query.py", line 1570, in _filter_or_exclude_inplace
    self._query.add_q(Q(*args, **kwargs))
    ~~~~~~~~~~~~~~~~~^^^^^^^^^^^^^^^^^^^^
  File "/home/blackprotocol/.local/lib/python3.14/site-packages/django/db/models/sql/query.py", line 1676, in add_q
    clause, _ = self._add_q(q_object, can_reuse)
                ~~~~~~~~~~~^^^^^^^^^^^^^^^^^^^^^
  File "/home/blackprotocol/.local/lib/python3.14/site-packages/django/db/models/sql/query.py", line 1708, in _add_q
    child_clause, needed_inner = self.build_filter(
                                 ~~~~~~~~~~~~~~~~~^
        child,
        ^^^^^^
    ...<7 lines>...
        update_join_types=update_join_types,
        ^^^^^^^^^^^^^^^^^^^^^^^^^^^^^^^^^^^^
    )
    ^
  File "/home/blackprotocol/.local/lib/python3.14/site-packages/django/db/models/sql/query.py", line 1533, in build_filter
    return self._add_q(
           ~~~~~~~~~~~^
        filter_expr,
        ^^^^^^^^^^^^
    ...<7 lines>...
        update_join_types=update_join_types,
        ^^^^^^^^^^^^^^^^^^^^^^^^^^^^^^^^^^^^
    )
    ^
  File "/home/blackprotocol/.local/lib/python3.14/site-packages/django/db/models/sql/query.py", line 1708, in _add_q
    child_clause, needed_inner = self.build_filter(
                                 ~~~~~~~~~~~~~~~~~^
        child,
        ^^^^^^
    ...<7 lines>...
        update_join_types=update_join_types,
        ^^^^^^^^^^^^^^^^^^^^^^^^^^^^^^^^^^^^
    )
    ^
  File "/home/blackprotocol/.local/lib/python3.14/site-packages/django/db/models/sql/query.py", line 1618, in build_filter
    condition = self.build_lookup(lookups, col, value)
  File "/home/blackprotocol/.local/lib/python3.14/site-packages/django/db/models/sql/query.py", line 1439, in build_lookup
    lhs = self.try_transform(lhs, lookup_name)
  File "/home/blackprotocol/.local/lib/python3.14/site-packages/django/db/models/sql/query.py", line 1488, in try_transform
    raise FieldError(
    ...<2 lines>...
    )
django.core.exceptions.FieldError: Unsupported lookup 'icontains' for ForeignKey or join on the field not permitted.
"GET /recherche-patient/?q=dair HTTP/1.1" 500 140818
Internal Server Error: /recherche-patient/
Traceback (most recent call last):
  File "/home/blackprotocol/.local/lib/python3.14/site-packages/django/core/handlers/exception.py", line 55, in inner
    response = get_response(request)
  File "/home/blackprotocol/.local/lib/python3.14/site-packages/django/core/handlers/base.py", line 198, in _get_response
    response = wrapped_callback(request, *callback_args, **callback_kwargs)
  File "/run/media/blackprotocol/D8707BBA707B9E461/mes Projets/GenesisLab/circb_projet/circb_app/views.py", line 977, in recherche_patient
    patients = Patient.objects.filter(
               ~~~~~~~~~~~~~~~~~~~~~~^
        Q(nom__icontains=query) |
        ^^^^^^^^^^^^^^^^^^^^^^^^^
    ...<3 lines>...
        Q(mere__contact__icontains=query)  # Suit la relation 'mere' vers son champ 'telephone'
        ^^^^^^^^^^^^^^^^^^^^^^^^^^^^^^^^^^^^^^^^^^^^^^^^^^^^^^^^^^^^^^^^^^^^^^^^^^^^^^^^^^^^^^^
    ).distinct()
    ^
  File "/home/blackprotocol/.local/lib/python3.14/site-packages/django/db/models/manager.py", line 87, in manager_method
    return getattr(self.get_queryset(), name)(*args, **kwargs)
           ~~~~~~~~~~~~~~~~~~~~~~~~~~~~~~~~~~^^^^^^^^^^^^^^^^^
  File "/home/blackprotocol/.local/lib/python3.14/site-packages/django/db/models/query.py", line 1542, in filter
    return self._filter_or_exclude(False, args, kwargs)
           ~~~~~~~~~~~~~~~~~~~~~~~^^^^^^^^^^^^^^^^^^^^^
  File "/home/blackprotocol/.local/lib/python3.14/site-packages/django/db/models/query.py", line 1560, in _filter_or_exclude
    clone._filter_or_exclude_inplace(negate, args, kwargs)
    ~~~~~~~~~~~~~~~~~~~~~~~~~~~~~~~~^^^^^^^^^^^^^^^^^^^^^^
  File "/home/blackprotocol/.local/lib/python3.14/site-packages/django/db/models/query.py", line 1570, in _filter_or_exclude_inplace
    self._query.add_q(Q(*args, **kwargs))
    ~~~~~~~~~~~~~~~~~^^^^^^^^^^^^^^^^^^^^
  File "/home/blackprotocol/.local/lib/python3.14/site-packages/django/db/models/sql/query.py", line 1676, in add_q
    clause, _ = self._add_q(q_object, can_reuse)
                ~~~~~~~~~~~^^^^^^^^^^^^^^^^^^^^^
  File "/home/blackprotocol/.local/lib/python3.14/site-packages/django/db/models/sql/query.py", line 1708, in _add_q
    child_clause, needed_inner = self.build_filter(
                                 ~~~~~~~~~~~~~~~~~^
        child,
        ^^^^^^
    ...<7 lines>...
        update_join_types=update_join_types,
        ^^^^^^^^^^^^^^^^^^^^^^^^^^^^^^^^^^^^
    )
    ^
  File "/home/blackprotocol/.local/lib/python3.14/site-packages/django/db/models/sql/query.py", line 1533, in build_filter
    return self._add_q(
           ~~~~~~~~~~~^
        filter_expr,
        ^^^^^^^^^^^^
    ...<7 lines>...
        update_join_types=update_join_types,
        ^^^^^^^^^^^^^^^^^^^^^^^^^^^^^^^^^^^^
    )
    ^
  File "/home/blackprotocol/.local/lib/python3.14/site-packages/django/db/models/sql/query.py", line 1708, in _add_q
    child_clause, needed_inner = self.build_filter(
                                 ~~~~~~~~~~~~~~~~~^
        child,
        ^^^^^^
    ...<7 lines>...
        update_join_types=update_join_types,
        ^^^^^^^^^^^^^^^^^^^^^^^^^^^^^^^^^^^^
    )
    ^
  File "/home/blackprotocol/.local/lib/python3.14/site-packages/django/db/models/sql/query.py", line 1618, in build_filter
    condition = self.build_lookup(lookups, col, value)
  File "/home/blackprotocol/.local/lib/python3.14/site-packages/django/db/models/sql/query.py", line 1439, in build_lookup
    lhs = self.try_transform(lhs, lookup_name)
  File "/home/blackprotocol/.local/lib/python3.14/site-packages/django/db/models/sql/query.py", line 1488, in try_transform
    raise FieldError(
    ...<2 lines>...
    )
django.core.exceptions.FieldError: Unsupported lookup 'icontains' for ForeignKey or join on the field not permitted.
"GET /recherche-patient/?q=dairo HTTP/1.1" 500 140880
Internal Server Error: /recherche-patient/
Traceback (most recent call last):
  File "/home/blackprotocol/.local/lib/python3.14/site-packages/django/core/handlers/exception.py", line 55, in inner
    response = get_response(request)
  File "/home/blackprotocol/.local/lib/python3.14/site-packages/django/core/handlers/base.py", line 198, in _get_response
    response = wrapped_callback(request, *callback_args, **callback_kwargs)
  File "/run/media/blackprotocol/D8707BBA707B9E461/mes Projets/GenesisLab/circb_projet/circb_app/views.py", line 977, in recherche_patient
    patients = Patient.objects.filter(
               ~~~~~~~~~~~~~~~~~~~~~~^
        Q(nom__icontains=query) |
        ^^^^^^^^^^^^^^^^^^^^^^^^^
    ...<3 lines>...
        Q(mere__contact__icontains=query)  # Suit la relation 'mere' vers son champ 'telephone'
        ^^^^^^^^^^^^^^^^^^^^^^^^^^^^^^^^^^^^^^^^^^^^^^^^^^^^^^^^^^^^^^^^^^^^^^^^^^^^^^^^^^^^^^^
    ).distinct()
    ^
  File "/home/blackprotocol/.local/lib/python3.14/site-packages/django/db/models/manager.py", line 87, in manager_method
    return getattr(self.get_queryset(), name)(*args, **kwargs)
           ~~~~~~~~~~~~~~~~~~~~~~~~~~~~~~~~~~^^^^^^^^^^^^^^^^^
  File "/home/blackprotocol/.local/lib/python3.14/site-packages/django/db/models/query.py", line 1542, in filter
    return self._filter_or_exclude(False, args, kwargs)
           ~~~~~~~~~~~~~~~~~~~~~~~^^^^^^^^^^^^^^^^^^^^^
  File "/home/blackprotocol/.local/lib/python3.14/site-packages/django/db/models/query.py", line 1560, in _filter_or_exclude
    clone._filter_or_exclude_inplace(negate, args, kwargs)
    ~~~~~~~~~~~~~~~~~~~~~~~~~~~~~~~~^^^^^^^^^^^^^^^^^^^^^^
  File "/home/blackprotocol/.local/lib/python3.14/site-packages/django/db/models/query.py", line 1570, in _filter_or_exclude_inplace
    self._query.add_q(Q(*args, **kwargs))
    ~~~~~~~~~~~~~~~~~^^^^^^^^^^^^^^^^^^^^
  File "/home/blackprotocol/.local/lib/python3.14/site-packages/django/db/models/sql/query.py", line 1676, in add_q
    clause, _ = self._add_q(q_object, can_reuse)
                ~~~~~~~~~~~^^^^^^^^^^^^^^^^^^^^^
  File "/home/blackprotocol/.local/lib/python3.14/site-packages/django/db/models/sql/query.py", line 1708, in _add_q
    child_clause, needed_inner = self.build_filter(
                                 ~~~~~~~~~~~~~~~~~^
        child,
        ^^^^^^
    ...<7 lines>...
        update_join_types=update_join_types,
        ^^^^^^^^^^^^^^^^^^^^^^^^^^^^^^^^^^^^
    )
    ^
  File "/home/blackprotocol/.local/lib/python3.14/site-packages/django/db/models/sql/query.py", line 1533, in build_filter
    return self._add_q(
           ~~~~~~~~~~~^
        filter_expr,
        ^^^^^^^^^^^^
    ...<7 lines>...
        update_join_types=update_join_types,
        ^^^^^^^^^^^^^^^^^^^^^^^^^^^^^^^^^^^^
    )
    ^
  File "/home/blackprotocol/.local/lib/python3.14/site-packages/django/db/models/sql/query.py", line 1708, in _add_q
    child_clause, needed_inner = self.build_filter(
                                 ~~~~~~~~~~~~~~~~~^
        child,
        ^^^^^^
    ...<7 lines>...
        update_join_types=update_join_types,
        ^^^^^^^^^^^^^^^^^^^^^^^^^^^^^^^^^^^^
    )
    ^
  File "/home/blackprotocol/.local/lib/python3.14/site-packages/django/db/models/sql/query.py", line 1618, in build_filter
    condition = self.build_lookup(lookups, col, value)
  File "/home/blackprotocol/.local/lib/python3.14/site-packages/django/db/models/sql/query.py", line 1439, in build_lookup
    lhs = self.try_transform(lhs, lookup_name)
  File "/home/blackprotocol/.local/lib/python3.14/site-packages/django/db/models/sql/query.py", line 1488, in try_transform
    raise FieldError(
    ...<2 lines>...
    )
django.core.exceptions.FieldError: Unsupported lookup 'icontains' for ForeignKey or join on the field not permitted.
"GET /recherche-patient/?q=dairou HTTP/1.1" 500 140942
Internal Server Error: /recherche-patient/
Traceback (most recent call last):
  File "/home/blackprotocol/.local/lib/python3.14/site-packages/django/core/handlers/exception.py", line 55, in inner
    response = get_response(request)
  File "/home/blackprotocol/.local/lib/python3.14/site-packages/django/core/handlers/base.py", line 198, in _get_response
    response = wrapped_callback(request, *callback_args, **callback_kwargs)
  File "/run/media/blackprotocol/D8707BBA707B9E461/mes Projets/GenesisLab/circb_projet/circb_app/views.py", line 977, in recherche_patient
    patients = Patient.objects.filter(
               ~~~~~~~~~~~~~~~~~~~~~~^
        Q(nom__icontains=query) |
        ^^^^^^^^^^^^^^^^^^^^^^^^^
    ...<3 lines>...
        Q(mere__contact__icontains=query)  # Suit la relation 'mere' vers son champ 'telephone'
        ^^^^^^^^^^^^^^^^^^^^^^^^^^^^^^^^^^^^^^^^^^^^^^^^^^^^^^^^^^^^^^^^^^^^^^^^^^^^^^^^^^^^^^^
    ).distinct()
    ^
  File "/home/blackprotocol/.local/lib/python3.14/site-packages/django/db/models/manager.py", line 87, in manager_method
    return getattr(self.get_queryset(), name)(*args, **kwargs)
           ~~~~~~~~~~~~~~~~~~~~~~~~~~~~~~~~~~^^^^^^^^^^^^^^^^^
  File "/home/blackprotocol/.local/lib/python3.14/site-packages/django/db/models/query.py", line 1542, in filter
    return self._filter_or_exclude(False, args, kwargs)
           ~~~~~~~~~~~~~~~~~~~~~~~^^^^^^^^^^^^^^^^^^^^^
  File "/home/blackprotocol/.local/lib/python3.14/site-packages/django/db/models/query.py", line 1560, in _filter_or_exclude
    clone._filter_or_exclude_inplace(negate, args, kwargs)
    ~~~~~~~~~~~~~~~~~~~~~~~~~~~~~~~~^^^^^^^^^^^^^^^^^^^^^^
  File "/home/blackprotocol/.local/lib/python3.14/site-packages/django/db/models/query.py", line 1570, in _filter_or_exclude_inplace
    self._query.add_q(Q(*args, **kwargs))
    ~~~~~~~~~~~~~~~~~^^^^^^^^^^^^^^^^^^^^
  File "/home/blackprotocol/.local/lib/python3.14/site-packages/django/db/models/sql/query.py", line 1676, in add_q
    clause, _ = self._add_q(q_object, can_reuse)
                ~~~~~~~~~~~^^^^^^^^^^^^^^^^^^^^^
  File "/home/blackprotocol/.local/lib/python3.14/site-packages/django/db/models/sql/query.py", line 1708, in _add_q
    child_clause, needed_inner = self.build_filter(
                                 ~~~~~~~~~~~~~~~~~^
        child,
        ^^^^^^
    ...<7 lines>...
        update_join_types=update_join_types,
        ^^^^^^^^^^^^^^^^^^^^^^^^^^^^^^^^^^^^
    )
    ^
  File "/home/blackprotocol/.local/lib/python3.14/site-packages/django/db/models/sql/query.py", line 1533, in build_filter
    return self._add_q(
           ~~~~~~~~~~~^
        filter_expr,
        ^^^^^^^^^^^^
    ...<7 lines>...
        update_join_types=update_join_types,
        ^^^^^^^^^^^^^^^^^^^^^^^^^^^^^^^^^^^^
    )
    ^
  File "/home/blackprotocol/.local/lib/python3.14/site-packages/django/db/models/sql/query.py", line 1708, in _add_q
    child_clause, needed_inner = self.build_filter(
                                 ~~~~~~~~~~~~~~~~~^
        child,
        ^^^^^^
    ...<7 lines>...
        update_join_types=update_join_types,
        ^^^^^^^^^^^^^^^^^^^^^^^^^^^^^^^^^^^^
    )
    ^
  File "/home/blackprotocol/.local/lib/python3.14/site-packages/django/db/models/sql/query.py", line 1618, in build_filter
    condition = self.build_lookup(lookups, col, value)
  File "/home/blackprotocol/.local/lib/python3.14/site-packages/django/db/models/sql/query.py", line 1439, in build_lookup
    lhs = self.try_transform(lhs, lookup_name)
  File "/home/blackprotocol/.local/lib/python3.14/site-packages/django/db/models/sql/query.py", line 1488, in try_transform
    raise FieldError(
    ...<2 lines>...
    )
django.core.exceptions.FieldError: Unsupported lookup 'icontains' for ForeignKey or join on the field not permitted.
"GET /recherche-patient/?q=nj HTTP/1.1" 500 140694
Internal Server Error: /recherche-patient/
Traceback (most recent call last):
  File "/home/blackprotocol/.local/lib/python3.14/site-packages/django/core/handlers/exception.py", line 55, in inner
    response = get_response(request)
  File "/home/blackprotocol/.local/lib/python3.14/site-packages/django/core/handlers/base.py", line 198, in _get_response
    response = wrapped_callback(request, *callback_args, **callback_kwargs)
  File "/run/media/blackprotocol/D8707BBA707B9E461/mes Projets/GenesisLab/circb_projet/circb_app/views.py", line 977, in recherche_patient
    patients = Patient.objects.filter(
               ~~~~~~~~~~~~~~~~~~~~~~^
        Q(nom__icontains=query) |
        ^^^^^^^^^^^^^^^^^^^^^^^^^
    ...<3 lines>...
        Q(mere__contact__icontains=query)  # Suit la relation 'mere' vers son champ 'telephone'
        ^^^^^^^^^^^^^^^^^^^^^^^^^^^^^^^^^^^^^^^^^^^^^^^^^^^^^^^^^^^^^^^^^^^^^^^^^^^^^^^^^^^^^^^
    ).distinct()
    ^
  File "/home/blackprotocol/.local/lib/python3.14/site-packages/django/db/models/manager.py", line 87, in manager_method
    return getattr(self.get_queryset(), name)(*args, **kwargs)
           ~~~~~~~~~~~~~~~~~~~~~~~~~~~~~~~~~~^^^^^^^^^^^^^^^^^
  File "/home/blackprotocol/.local/lib/python3.14/site-packages/django/db/models/query.py", line 1542, in filter
    return self._filter_or_exclude(False, args, kwargs)
           ~~~~~~~~~~~~~~~~~~~~~~~^^^^^^^^^^^^^^^^^^^^^
  File "/home/blackprotocol/.local/lib/python3.14/site-packages/django/db/models/query.py", line 1560, in _filter_or_exclude
    clone._filter_or_exclude_inplace(negate, args, kwargs)
    ~~~~~~~~~~~~~~~~~~~~~~~~~~~~~~~~^^^^^^^^^^^^^^^^^^^^^^
  File "/home/blackprotocol/.local/lib/python3.14/site-packages/django/db/models/query.py", line 1570, in _filter_or_exclude_inplace
    self._query.add_q(Q(*args, **kwargs))
    ~~~~~~~~~~~~~~~~~^^^^^^^^^^^^^^^^^^^^
  File "/home/blackprotocol/.local/lib/python3.14/site-packages/django/db/models/sql/query.py", line 1676, in add_q
    clause, _ = self._add_q(q_object, can_reuse)
                ~~~~~~~~~~~^^^^^^^^^^^^^^^^^^^^^
  File "/home/blackprotocol/.local/lib/python3.14/site-packages/django/db/models/sql/query.py", line 1708, in _add_q
    child_clause, needed_inner = self.build_filter(
                                 ~~~~~~~~~~~~~~~~~^
        child,
        ^^^^^^
    ...<7 lines>...
        update_join_types=update_join_types,
        ^^^^^^^^^^^^^^^^^^^^^^^^^^^^^^^^^^^^
    )
    ^
  File "/home/blackprotocol/.local/lib/python3.14/site-packages/django/db/models/sql/query.py", line 1533, in build_filter
    return self._add_q(
           ~~~~~~~~~~~^
        filter_expr,
        ^^^^^^^^^^^^
    ...<7 lines>...
        update_join_types=update_join_types,
        ^^^^^^^^^^^^^^^^^^^^^^^^^^^^^^^^^^^^
    )
    ^
  File "/home/blackprotocol/.local/lib/python3.14/site-packages/django/db/models/sql/query.py", line 1708, in _add_q
    child_clause, needed_inner = self.build_filter(
                                 ~~~~~~~~~~~~~~~~~^
        child,
        ^^^^^^
    ...<7 lines>...
        update_join_types=update_join_types,
        ^^^^^^^^^^^^^^^^^^^^^^^^^^^^^^^^^^^^
    )
    ^
  File "/home/blackprotocol/.local/lib/python3.14/site-packages/django/db/models/sql/query.py", line 1618, in build_filter
    condition = self.build_lookup(lookups, col, value)
  File "/home/blackprotocol/.local/lib/python3.14/site-packages/django/db/models/sql/query.py", line 1439, in build_lookup
    lhs = self.try_transform(lhs, lookup_name)
  File "/home/blackprotocol/.local/lib/python3.14/site-packages/django/db/models/sql/query.py", line 1488, in try_transform
    raise FieldError(
    ...<2 lines>...
    )
django.core.exceptions.FieldError: Unsupported lookup 'icontains' for ForeignKey or join on the field not permitted.
"GET /recherche-patient/?q=nja HTTP/1.1" 500 140756
Internal Server Error: /recherche-patient/
Traceback (most recent call last):
  File "/home/blackprotocol/.local/lib/python3.14/site-packages/django/core/handlers/exception.py", line 55, in inner
    response = get_response(request)
  File "/home/blackprotocol/.local/lib/python3.14/site-packages/django/core/handlers/base.py", line 198, in _get_response
    response = wrapped_callback(request, *callback_args, **callback_kwargs)
  File "/run/media/blackprotocol/D8707BBA707B9E461/mes Projets/GenesisLab/circb_projet/circb_app/views.py", line 977, in recherche_patient
    patients = Patient.objects.filter(
               ~~~~~~~~~~~~~~~~~~~~~~^
        Q(nom__icontains=query) |
        ^^^^^^^^^^^^^^^^^^^^^^^^^
    ...<3 lines>...
        Q(mere__contact__icontains=query)  # Suit la relation 'mere' vers son champ 'telephone'
        ^^^^^^^^^^^^^^^^^^^^^^^^^^^^^^^^^^^^^^^^^^^^^^^^^^^^^^^^^^^^^^^^^^^^^^^^^^^^^^^^^^^^^^^
    ).distinct()
    ^
  File "/home/blackprotocol/.local/lib/python3.14/site-packages/django/db/models/manager.py", line 87, in manager_method
    return getattr(self.get_queryset(), name)(*args, **kwargs)
           ~~~~~~~~~~~~~~~~~~~~~~~~~~~~~~~~~~^^^^^^^^^^^^^^^^^
  File "/home/blackprotocol/.local/lib/python3.14/site-packages/django/db/models/query.py", line 1542, in filter
    return self._filter_or_exclude(False, args, kwargs)
           ~~~~~~~~~~~~~~~~~~~~~~~^^^^^^^^^^^^^^^^^^^^^
  File "/home/blackprotocol/.local/lib/python3.14/site-packages/django/db/models/query.py", line 1560, in _filter_or_exclude
    clone._filter_or_exclude_inplace(negate, args, kwargs)
    ~~~~~~~~~~~~~~~~~~~~~~~~~~~~~~~~^^^^^^^^^^^^^^^^^^^^^^
  File "/home/blackprotocol/.local/lib/python3.14/site-packages/django/db/models/query.py", line 1570, in _filter_or_exclude_inplace
    self._query.add_q(Q(*args, **kwargs))
    ~~~~~~~~~~~~~~~~~^^^^^^^^^^^^^^^^^^^^
  File "/home/blackprotocol/.local/lib/python3.14/site-packages/django/db/models/sql/query.py", line 1676, in add_q
    clause, _ = self._add_q(q_object, can_reuse)
                ~~~~~~~~~~~^^^^^^^^^^^^^^^^^^^^^
  File "/home/blackprotocol/.local/lib/python3.14/site-packages/django/db/models/sql/query.py", line 1708, in _add_q
    child_clause, needed_inner = self.build_filter(
                                 ~~~~~~~~~~~~~~~~~^
        child,
        ^^^^^^
    ...<7 lines>...
        update_join_types=update_join_types,
        ^^^^^^^^^^^^^^^^^^^^^^^^^^^^^^^^^^^^
    )
    ^
  File "/home/blackprotocol/.local/lib/python3.14/site-packages/django/db/models/sql/query.py", line 1533, in build_filter
    return self._add_q(
           ~~~~~~~~~~~^
        filter_expr,
        ^^^^^^^^^^^^
    ...<7 lines>...
        update_join_types=update_join_types,
        ^^^^^^^^^^^^^^^^^^^^^^^^^^^^^^^^^^^^
    )
    ^
  File "/home/blackprotocol/.local/lib/python3.14/site-packages/django/db/models/sql/query.py", line 1708, in _add_q
    child_clause, needed_inner = self.build_filter(
                                 ~~~~~~~~~~~~~~~~~^
        child,
        ^^^^^^
    ...<7 lines>...
        update_join_types=update_join_types,
        ^^^^^^^^^^^^^^^^^^^^^^^^^^^^^^^^^^^^
    )
    ^
  File "/home/blackprotocol/.local/lib/python3.14/site-packages/django/db/models/sql/query.py", line 1618, in build_filter
    condition = self.build_lookup(lookups, col, value)
  File "/home/blackprotocol/.local/lib/python3.14/site-packages/django/db/models/sql/query.py", line 1439, in build_lookup
    lhs = self.try_transform(lhs, lookup_name)
  File "/home/blackprotocol/.local/lib/python3.14/site-packages/django/db/models/sql/query.py", line 1488, in try_transform
    raise FieldError(
    ...<2 lines>...
    )
django.core.exceptions.FieldError: Unsupported lookup 'icontains' for ForeignKey or join on the field not permitted.
"GET /recherche-patient/?q=njan HTTP/1.1" 500 140818
Internal Server Error: /recherche-patient/
Traceback (most recent call last):
  File "/home/blackprotocol/.local/lib/python3.14/site-packages/django/core/handlers/exception.py", line 55, in inner
    response = get_response(request)
  File "/home/blackprotocol/.local/lib/python3.14/site-packages/django/core/handlers/base.py", line 198, in _get_response
    response = wrapped_callback(request, *callback_args, **callback_kwargs)
  File "/run/media/blackprotocol/D8707BBA707B9E461/mes Projets/GenesisLab/circb_projet/circb_app/views.py", line 977, in recherche_patient
    patients = Patient.objects.filter(
               ~~~~~~~~~~~~~~~~~~~~~~^
        Q(nom__icontains=query) |
        ^^^^^^^^^^^^^^^^^^^^^^^^^
    ...<3 lines>...
        Q(mere__contact__icontains=query)  # Suit la relation 'mere' vers son champ 'telephone'
        ^^^^^^^^^^^^^^^^^^^^^^^^^^^^^^^^^^^^^^^^^^^^^^^^^^^^^^^^^^^^^^^^^^^^^^^^^^^^^^^^^^^^^^^
    ).distinct()
    ^
  File "/home/blackprotocol/.local/lib/python3.14/site-packages/django/db/models/manager.py", line 87, in manager_method
    return getattr(self.get_queryset(), name)(*args, **kwargs)
           ~~~~~~~~~~~~~~~~~~~~~~~~~~~~~~~~~~^^^^^^^^^^^^^^^^^
  File "/home/blackprotocol/.local/lib/python3.14/site-packages/django/db/models/query.py", line 1542, in filter
    return self._filter_or_exclude(False, args, kwargs)
           ~~~~~~~~~~~~~~~~~~~~~~~^^^^^^^^^^^^^^^^^^^^^
  File "/home/blackprotocol/.local/lib/python3.14/site-packages/django/db/models/query.py", line 1560, in _filter_or_exclude
    clone._filter_or_exclude_inplace(negate, args, kwargs)
    ~~~~~~~~~~~~~~~~~~~~~~~~~~~~~~~~^^^^^^^^^^^^^^^^^^^^^^
  File "/home/blackprotocol/.local/lib/python3.14/site-packages/django/db/models/query.py", line 1570, in _filter_or_exclude_inplace
    self._query.add_q(Q(*args, **kwargs))
    ~~~~~~~~~~~~~~~~~^^^^^^^^^^^^^^^^^^^^
  File "/home/blackprotocol/.local/lib/python3.14/site-packages/django/db/models/sql/query.py", line 1676, in add_q
    clause, _ = self._add_q(q_object, can_reuse)
                ~~~~~~~~~~~^^^^^^^^^^^^^^^^^^^^^
  File "/home/blackprotocol/.local/lib/python3.14/site-packages/django/db/models/sql/query.py", line 1708, in _add_q
    child_clause, needed_inner = self.build_filter(
                                 ~~~~~~~~~~~~~~~~~^
        child,
        ^^^^^^
    ...<7 lines>...
        update_join_types=update_join_types,
        ^^^^^^^^^^^^^^^^^^^^^^^^^^^^^^^^^^^^
    )
    ^
  File "/home/blackprotocol/.local/lib/python3.14/site-packages/django/db/models/sql/query.py", line 1533, in build_filter
    return self._add_q(
           ~~~~~~~~~~~^
        filter_expr,
        ^^^^^^^^^^^^
    ...<7 lines>...
        update_join_types=update_join_types,
        ^^^^^^^^^^^^^^^^^^^^^^^^^^^^^^^^^^^^
    )
    ^
  File "/home/blackprotocol/.local/lib/python3.14/site-packages/django/db/models/sql/query.py", line 1708, in _add_q
    child_clause, needed_inner = self.build_filter(
                                 ~~~~~~~~~~~~~~~~~^
        child,
        ^^^^^^
    ...<7 lines>...
        update_join_types=update_join_types,
        ^^^^^^^^^^^^^^^^^^^^^^^^^^^^^^^^^^^^
    )
    ^
  File "/home/blackprotocol/.local/lib/python3.14/site-packages/django/db/models/sql/query.py", line 1618, in build_filter
    condition = self.build_lookup(lookups, col, value)
  File "/home/blackprotocol/.local/lib/python3.14/site-packages/django/db/models/sql/query.py", line 1439, in build_lookup
    lhs = self.try_transform(lhs, lookup_name)
  File "/home/blackprotocol/.local/lib/python3.14/site-packages/django/db/models/sql/query.py", line 1488, in try_transform
    raise FieldError(
    ...<2 lines>...
    )
django.core.exceptions.FieldError: Unsupported lookup 'icontains' for ForeignKey or join on the field not permitted.
"GET /recherche-patient/?q=njankouo HTTP/1.1" 500 141066
